[2026-03-06 15:50:05] ESP-ROM:esp32c6-20220919
[2026-03-06 15:50:05] Build:Sep 19 2022
[2026-03-06 15:50:05] rst:0x1 (POWERON),boot:0x6a (SPI_FAST_FLASH_BOOT)
[2026-03-06 15:50:05] SPIWP:0xee
[2026-03-06 15:50:05] mode:DIO, clock div:2
[2026-03-06 15:50:05] load:0x40875730,len:0x12b4
[2026-03-06 15:50:05] load:0x4086b910,len:0xdc4
[2026-03-06 15:50:05] load:0x4086e610,len:0x2fb8
[2026-03-06 15:50:05] entry 0x4086b910
[2026-03-06 15:50:06] I (455) esp_clock: OT NVS partition ready
[2026-03-06 15:50:06] I (456) esp_clock: USB Serial JTAG ready; UART0 remains fallback
[2026-03-06 15:50:06] I (456) esp_clock: OpenThread platform config set
[2026-03-06 15:50:06] I (459) esp_clock: I2C probe: BME680=missing RTC(DS3231)=present VEML7700=missing
[2026-03-06 15:50:06] I (470) esp_clock: Boot diag: boot_count=7 prev_reset=POWERON(1) prev_time=unknown current_reset=POWERON(1) current_time=2026-03-06 23:50:05 UTC
[2026-03-06 15:50:06] I (478) esp_clock: Reset history (boot): count=7
[2026-03-06 15:50:06] I (482) esp_clock: Reset[0]: boot_count=1 reason=USB(11) time=2026-03-06 21:24:25 UTC
[2026-03-06 15:50:06] I (490) esp_clock: Reset[1]: boot_count=2 reason=USB(11) time=2026-03-06 21:24:33 UTC
[2026-03-06 15:50:06] I (497) esp_clock: Reset[2]: boot_count=3 reason=POWERON(1) time=2026-03-06 22:45:43 UTC
[2026-03-06 15:50:06] I (505) esp_clock: Reset[3]: boot_count=4 reason=POWERON(1) time=2026-03-06 23:44:10 UTC
[2026-03-06 15:50:06] I (513) esp_clock: Reset[4]: boot_count=5 reason=USB(11) time=2026-03-06 23:48:22 UTC
[2026-03-06 15:50:06] I (520) esp_clock: Reset[5]: boot_count=6 reason=POWERON(1) time=2026-03-06 23:49:00 UTC
[2026-03-06 15:50:06] I (528) esp_clock: Reset[6]: boot_count=7 reason=POWERON(1) time=2026-03-06 23:50:05 UTC
[2026-03-06 15:50:06] W (536) esp_clock: BME680 not detected; skipping BSEC init
[2026-03-06 15:50:06] W (541) esp_clock: VEML7700 not detected; ALS auto-brightness disabled
[2026-03-06 15:50:06] I (548) esp_clock: RTC status OK (OSF=0)
[2026-03-06 15:50:06] I (551) esp_clock: Time validity floor epoch: 1772840875
[2026-03-06 15:50:06] I (556) esp_clock: RTC drift watchdog: check_every=15 s trigger_if_abs_diff_gt=2 s cooldown=60 s
[2026-03-06 15:50:06] I (565) esp_clock: Clock source selected: RTC
[2026-03-06 15:50:06] I (1173) esp_clock: Matter started (temp=1 hum=2 air=3)
[2026-03-06 15:50:06] I (1174) esp_clock: Boot commissioning state: commissioned=yes fabrics=3
[2026-03-06 15:50:06] E (1174) chip[DIS]: Failed to remove advertised services: 3
[2026-03-06 15:50:06] I (1177) esp_clock: display host=SPI2 MOSI=18 SCK=19 LATCH=20 CA1=0 CA2=1 CA3=2 CA4=21
[2026-03-06 15:50:06] I (1187) esp_clock: display page period = 2500 us (frame 100.0 Hz)
[2026-03-06 15:50:06] E (1180) chip[DIS]: Failed to advertise operational node: 3
[2026-03-06 15:50:06] E (1198) chip[DIS]: Failed to advertise extended commissionable node: 3
[2026-03-06 15:50:06] E (1204) chip[DIS]: Failed to finalize service update: 3
[2026-03-06 15:50:07] I (1225) esp_clock: Thread netif already default (thread-connected)
[2026-03-06 15:50:07] I (1226) esp_clock: RTC sync requested (thread-reconnected)
[2026-03-06 15:50:07] I (1226) esp_clock: RTC initial sync: waiting grace period
[2026-03-06 15:50:09] E (3471) chip[DL]: SRP update error: timed out waiting on server response
[2026-03-06 15:50:12] E (6612) chip[DL]: SRP update error: timed out waiting on server response
[2026-03-06 15:50:58] E (53181) chip[DIS]: OperationalSessionSetup[1:00000000DB4609DC]: operational discovery failed: 32
[2026-03-06 15:50:58] E (53181) chip[DMG]: Failed to establish CASE for subscription-resumption with error '32'
[2026-03-06 15:51:07] I (61230) esp_clock: CLOCK_STATUS context=sync-pre rtc_utc="2026-03-06 23:51:06 UTC" rtc_date_utc=2026-03-06 display_12h=03:51:06(PM) display_24h=15:51:06 sys_utc="2026-03-06 23:45:56 UTC" sys_utc_hms=23:45:56 utc_to_local_apply="-08:00" utc_to_local_offset_min=-480 temp_f=nan rh_pct=nan
[2026-03-06 15:51:07] I (61245) esp_clock: Last NTP/Matter compare none yet | Current RTC Local = 2026-03-06 15:51:06 PST | RTC->NTP drift = unavailable | RTC->Matter drift = 310.000 sec (RTC ahead of Matter)
[2026-03-06 15:51:07] I (61261) esp_clock: RTC sync: start mode=compare+sync reason=commissioning-auto
[2026-03-06 15:51:07] I (61268) esp_clock: RTC sync: starting one-shot fetch server=fd7f:4975:d3c5:4f0a:bc3e:5442:1e1a:1911 port=123 timeout=10000 ms
[2026-03-06 15:51:07] I (61279) esp_clock: Thread netif already default (ntp-test)
[2026-03-06 15:51:08] I (62748) esp_clock: RTC sync: fetch success server=fd7f:4975:d3c5:4f0a:bc3e:5442:1e1a:1911 epoch=1772841068.481670 elapsed=1463 ms
[2026-03-06 15:51:08] I (62749) esp_clock: SYNC_METRIC reason=commissioning-auto phase=pre source=fd7f:4975:d3c5:4f0a:bc3e:5442:1e1a:1911 ntp_epoch=1772841068 ntp_usec=481670 sys_epoch=1772841068 sys_usec=481798 rtc_epoch=1772841067 drift_rtc_sec=1.4817 drift_sys_ms=0.128 write_phase_ms=nan
[2026-03-06 15:51:08] I (62772) esp_clock: RTC sync: RTC is 1.5 seconds behind NTP
[2026-03-06 15:51:08] I (62777) esp_clock: RTC sync: RTC drift 1.482 sec <= 2 sec, no write needed (reason=commissioning-auto)
[2026-03-06 15:51:08] I (62787) esp_clock: SYNC_METRIC reason=commissioning-auto phase=post source=fd7f:4975:d3c5:4f0a:bc3e:5442:1e1a:1911 ntp_epoch=1772841068 ntp_usec=481670 sys_epoch=1772841068 sys_usec=520772 rtc_epoch=1772841067 drift_rtc_sec=1.5208 drift_sys_ms=39.102 write_phase_ms=nan
[2026-03-06 15:51:08] I (62810) esp_clock: RTC sync: post-sync RTC is 1.5 seconds behind NTP
[2026-03-06 15:51:08] I (62817) esp_clock: RTC sync: SUCCESS compare+sync complete (reason=commissioning-auto)
[2026-03-06 15:51:08] I (62825) esp_clock: CLOCK_STATUS context=sync-post-ok rtc_utc="2026-03-06 23:51:08 UTC" rtc_date_utc=2026-03-06 display_12h=03:51:08(PM) display_24h=15:51:08 sys_utc="2026-03-06 23:51:08 UTC" sys_utc_hms=23:51:08 utc_to_local_apply="-08:00" utc_to_local_offset_min=-480 temp_f=nan rh_pct=nan
[2026-03-06 15:51:08] I (62850) esp_clock: Last NTP/Matter compare 0.00 days ago | Current RTC Local = 2026-03-06 15:51:08 PST | RTC->NTP drift = 1.521 sec (RTC behind NTP) | RTC->Matter drift = 0.000 sec (RTC behind Matter)
[2026-03-06 15:55:06] I (300601) esp_clock: CLOCK_STATUS context=periodic rtc_utc="2026-03-06 23:55:05 UTC" rtc_date_utc=2026-03-06 display_12h=03:55:05(PM) display_24h=15:55:05 sys_utc="2026-03-06 23:55:06 UTC" sys_utc_hms=23:55:06 utc_to_local_apply="-08:00" utc_to_local_offset_min=-480 temp_f=nan rh_pct=nan
[2026-03-06 15:55:06] I (300615) esp_clock: Last NTP/Matter compare 0.00 days ago | Current RTC Local = 2026-03-06 15:55:05 PST | RTC->NTP drift = 1.521 sec (RTC behind NTP) | RTC->Matter drift = 1.000 sec (RTC behind Matter)
[2026-03-06 15:56:00] E (354664) chip[DIS]: OperationalSessionSetup[1:00000000DB4609DC]: operational discovery failed: 32
[2026-03-06 15:56:00] E (354664) chip[DMG]: Failed to establish CASE for subscription-resumption with error '32'
[2026-03-06 16:00:06] I (600639) esp_clock: CLOCK_STATUS context=periodic rtc_utc="2026-03-07 00:00:05 UTC" rtc_date_utc=2026-03-07 display_12h=04:00:05(PM) display_24h=16:00:05 sys_utc="2026-03-07 00:00:06 UTC" sys_utc_hms=00:00:06 utc_to_local_apply="-08:00" utc_to_local_offset_min=-480 temp_f=nan rh_pct=nan
[2026-03-06 16:00:06] I (600653) esp_clock: Last NTP/Matter compare 0.01 days ago | Current RTC Local = 2026-03-06 16:00:05 PST | RTC->NTP drift = 1.521 sec (RTC behind NTP) | RTC->Matter drift = 1.000 sec (RTC behind Matter)
[2026-03-06 16:05:06] I (900681) esp_clock: CLOCK_STATUS context=periodic rtc_utc="2026-03-07 00:05:05 UTC" rtc_date_utc=2026-03-07 display_12h=04:05:05(PM) display_24h=16:05:05 sys_utc="2026-03-07 00:05:06 UTC" sys_utc_hms=00:05:06 utc_to_local_apply="-08:00" utc_to_local_offset_min=-480 temp_f=nan rh_pct=nan
[2026-03-06 16:05:06] I (900695) esp_clock: Last NTP/Matter compare 0.01 days ago | Current RTC Local = 2026-03-06 16:05:05 PST | RTC->NTP drift = 1.521 sec (RTC behind NTP) | RTC->Matter drift = 1.000 sec (RTC behind Matter)
[2026-03-06 16:06:45] E (999673) chip[DIS]: OperationalSessionSetup[1:00000000DB4609DC]: operational discovery failed: 32
[2026-03-06 16:06:45] E (999673) chip[DMG]: Failed to establish CASE for subscription-resumption with error '32'
[2026-03-06 16:10:06] I (1200722) esp_clock: CLOCK_STATUS context=periodic rtc_utc="2026-03-07 00:10:05 UTC" rtc_date_utc=2026-03-07 display_12h=04:10:05(PM) display_24h=16:10:05 sys_utc="2026-03-07 00:10:06 UTC" sys_utc_hms=00:10:06 utc_to_local_apply="-08:00" utc_to_local_offset_min=-480 temp_f=nan rh_pct=nan
[2026-03-06 16:10:06] I (1200737) esp_clock: Last NTP/Matter compare 0.01 days ago | Current RTC Local = 2026-03-06 16:10:05 PST | RTC->NTP drift = 1.521 sec (RTC behind NTP) | RTC->Matter drift = 1.000 sec (RTC behind Matter)
[2026-03-06 16:15:06] I (1500757) esp_clock: CLOCK_STATUS context=periodic rtc_utc="2026-03-07 00:15:05 UTC" rtc_date_utc=2026-03-07 display_12h=04:15:05(PM) display_24h=16:15:05 sys_utc="2026-03-07 00:15:06 UTC" sys_utc_hms=00:15:06 utc_to_local_apply="-08:00" utc_to_local_offset_min=-480 temp_f=nan rh_pct=nan
[2026-03-06 16:15:06] I (1500772) esp_clock: Last NTP/Matter compare 0.02 days ago | Current RTC Local = 2026-03-06 16:15:05 PST | RTC->NTP drift = 1.521 sec (RTC behind NTP) | RTC->Matter drift = 1.000 sec (RTC behind Matter)
[2026-03-06 16:17:30] E (1644681) chip[DIS]: OperationalSessionSetup[1:00000000DB4609DC]: operational discovery failed: 32
[2026-03-06 16:17:30] E (1644681) chip[DMG]: Failed to establish CASE for subscription-resumption with error '32'
[2026-03-06 16:20:06] I (1800797) esp_clock: CLOCK_STATUS context=periodic rtc_utc="2026-03-07 00:20:06 UTC" rtc_date_utc=2026-03-07 display_12h=04:20:06(PM) display_24h=16:20:06 sys_utc="2026-03-07 00:20:06 UTC" sys_utc_hms=00:20:06 utc_to_local_apply="-08:00" utc_to_local_offset_min=-480 temp_f=nan rh_pct=nan
[2026-03-06 16:20:06] I (1800812) esp_clock: Last NTP/Matter compare 0.02 days ago | Current RTC Local = 2026-03-06 16:20:06 PST | RTC->NTP drift = 1.521 sec (RTC behind NTP) | RTC->Matter drift = 0.000 sec (RTC behind Matter)
[2026-03-06 16:25:06] I (2100844) esp_clock: CLOCK_STATUS context=periodic rtc_utc="2026-03-07 00:25:06 UTC" rtc_date_utc=2026-03-07 display_12h=04:25:06(PM) display_24h=16:25:06 sys_utc="2026-03-07 00:25:06 UTC" sys_utc_hms=00:25:06 utc_to_local_apply="-08:00" utc_to_local_offset_min=-480 temp_f=nan rh_pct=nan
[2026-03-06 16:25:06] I (2100858) esp_clock: Last NTP/Matter compare 0.02 days ago | Current RTC Local = 2026-03-06 16:25:06 PST | RTC->NTP drift = 1.521 sec (RTC behind NTP) | RTC->Matter drift = 0.000 sec (RTC behind Matter)
[2026-03-06 16:30:06] I (2400882) esp_clock: CLOCK_STATUS context=periodic rtc_utc="2026-03-07 00:30:06 UTC" rtc_date_utc=2026-03-07 display_12h=04:30:06(PM) display_24h=16:30:06 sys_utc="2026-03-07 00:30:06 UTC" sys_utc_hms=00:30:06 utc_to_local_apply="-08:00" utc_to_local_offset_min=-480 temp_f=nan rh_pct=nan
[2026-03-06 16:30:06] I (2400897) esp_clock: Last NTP/Matter compare 0.03 days ago | Current RTC Local = 2026-03-06 16:30:06 PST | RTC->NTP drift = 1.521 sec (RTC behind NTP) | RTC->Matter drift = 0.000 sec (RTC behind Matter)
[2026-03-06 16:33:15] E (2589691) chip[DIS]: OperationalSessionSetup[1:00000000DB4609DC]: operational discovery failed: 32
[2026-03-06 16:33:15] E (2589691) chip[DMG]: Failed to establish CASE for subscription-resumption with error '32'
[2026-03-06 16:35:06] I (2700919) esp_clock: CLOCK_STATUS context=periodic rtc_utc="2026-03-07 00:35:06 UTC" rtc_date_utc=2026-03-07 display_12h=04:35:06(PM) display_24h=16:35:06 sys_utc="2026-03-07 00:35:06 UTC" sys_utc_hms=00:35:06 utc_to_local_apply="-08:00" utc_to_local_offset_min=-480 temp_f=nan rh_pct=nan
[2026-03-06 16:35:06] I (2700933) esp_clock: Last NTP/Matter compare 0.03 days ago | Current RTC Local = 2026-03-06 16:35:06 PST | RTC->NTP drift = 1.521 sec (RTC behind NTP) | RTC->Matter drift = 0.000 sec (RTC behind Matter)
[2026-03-06 16:40:06] I (3000957) esp_clock: CLOCK_STATUS context=periodic rtc_utc="2026-03-07 00:40:06 UTC" rtc_date_utc=2026-03-07 display_12h=04:40:06(PM) display_24h=16:40:06 sys_utc="2026-03-07 00:40:06 UTC" sys_utc_hms=00:40:06 utc_to_local_apply="-08:00" utc_to_local_offset_min=-480 temp_f=nan rh_pct=nan
[2026-03-06 16:40:06] I (3000972) esp_clock: Last NTP/Matter compare 0.03 days ago | Current RTC Local = 2026-03-06 16:40:06 PST | RTC->NTP drift = 1.521 sec (RTC behind NTP) | RTC->Matter drift = 0.000 sec (RTC behind Matter)
[2026-03-06 16:45:06] I (3301004) esp_clock: CLOCK_STATUS context=periodic rtc_utc="2026-03-07 00:45:06 UTC" rtc_date_utc=2026-03-07 display_12h=04:45:06(PM) display_24h=16:45:06 sys_utc="2026-03-07 00:45:06 UTC" sys_utc_hms=00:45:06 utc_to_local_apply="-08:00" utc_to_local_offset_min=-480 temp_f=nan rh_pct=nan
[2026-03-06 16:45:06] I (3301018) esp_clock: Last NTP/Matter compare 0.04 days ago | Current RTC Local = 2026-03-06 16:45:06 PST | RTC->NTP drift = 1.521 sec (RTC behind NTP) | RTC->Matter drift = 0.000 sec (RTC behind Matter)
[2026-03-06 16:50:06] I (3601044) esp_clock: CLOCK_STATUS context=periodic rtc_utc="2026-03-07 00:50:06 UTC" rtc_date_utc=2026-03-07 display_12h=04:50:06(PM) display_24h=16:50:06 sys_utc="2026-03-07 00:50:06 UTC" sys_utc_hms=00:50:06 utc_to_local_apply="-08:00" utc_to_local_offset_min=-480 temp_f=nan rh_pct=nan
[2026-03-06 16:50:06] I (3601058) esp_clock: Last NTP/Matter compare 0.04 days ago | Current RTC Local = 2026-03-06 16:50:06 PST | RTC->NTP drift = 1.521 sec (RTC behind NTP) | RTC->Matter drift = 0.000 sec (RTC behind Matter)
[2026-03-06 16:51:08] I (3662868) esp_clock: CLOCK_STATUS context=sync-pre rtc_utc="2026-03-07 00:51:08 UTC" rtc_date_utc=2026-03-07 display_12h=04:51:08(PM) display_24h=16:51:08 sys_utc="2026-03-07 00:51:08 UTC" sys_utc_hms=00:51:08 utc_to_local_apply="-08:00" utc_to_local_offset_min=-480 temp_f=nan rh_pct=nan
[2026-03-06 16:51:08] I (3662883) esp_clock: Last NTP/Matter compare 0.04 days ago | Current RTC Local = 2026-03-06 16:51:08 PST | RTC->NTP drift = 1.521 sec (RTC behind NTP) | RTC->Matter drift = 0.000 sec (RTC behind Matter)
[2026-03-06 16:51:08] I (3662901) esp_clock: RTC sync: start mode=compare+sync reason=periodic-hourly
[2026-03-06 16:51:08] I (3662908) esp_clock: RTC sync: starting one-shot fetch server=fd7f:4975:d3c5:4f0a:bc3e:5442:1e1a:1911 port=123 timeout=10000 ms
[2026-03-06 16:51:08] I (3662919) esp_clock: Thread netif already default (ntp-test)
[2026-03-06 16:51:11] I (3665418) esp_clock: RTC sync: fetch success server=fd7f:4975:d3c5:4f0a:bc3e:5442:1e1a:1911 epoch=1772844671.253813 elapsed=2493 ms
[2026-03-06 16:51:11] I (3665420) esp_clock: SYNC_METRIC reason=periodic-hourly phase=pre source=fd7f:4975:d3c5:4f0a:bc3e:5442:1e1a:1911 ntp_epoch=1772844671 ntp_usec=253813 sys_epoch=1772844671 sys_usec=253941 rtc_epoch=1772844670 drift_rtc_sec=1.2538 drift_sys_ms=0.128 write_phase_ms=nan
[2026-03-06 16:51:11] I (3665442) esp_clock: RTC sync: RTC is 1.3 seconds behind NTP
[2026-03-06 16:51:11] I (3665448) esp_clock: RTC sync: RTC drift 1.254 sec <= 2 sec, no write needed (reason=periodic-hourly)
[2026-03-06 16:51:11] I (3665457) esp_clock: SYNC_METRIC reason=periodic-hourly phase=post source=fd7f:4975:d3c5:4f0a:bc3e:5442:1e1a:1911 ntp_epoch=1772844671 ntp_usec=253813 sys_epoch=1772844671 sys_usec=292775 rtc_epoch=1772844670 drift_rtc_sec=1.2928 drift_sys_ms=38.962 write_phase_ms=nan
[2026-03-06 16:51:11] I (3665481) esp_clock: RTC sync: post-sync RTC is 1.3 seconds behind NTP
[2026-03-06 16:51:11] I (3665487) esp_clock: RTC sync: SUCCESS compare+sync complete (reason=periodic-hourly)
[2026-03-06 16:51:11] I (3665496) esp_clock: CLOCK_STATUS context=sync-post-ok rtc_utc="2026-03-07 00:51:10 UTC" rtc_date_utc=2026-03-07 display_12h=04:51:10(PM) display_24h=16:51:10 sys_utc="2026-03-07 00:51:11 UTC" sys_utc_hms=00:51:11 utc_to_local_apply="-08:00" utc_to_local_offset_min=-480 temp_f=nan rh_pct=nan
[2026-03-06 16:51:11] I (3665521) esp_clock: Last NTP/Matter compare 0.00 days ago | Current RTC Local = 2026-03-06 16:51:10 PST | RTC->NTP drift = 1.293 sec (RTC behind NTP) | RTC->Matter drift = 1.000 sec (RTC behind Matter)
[2026-03-06 16:54:00] E (3834701) chip[DIS]: OperationalSessionSetup[1:00000000DB4609DC]: operational discovery failed: 32
[2026-03-06 16:54:00] E (3834701) chip[DMG]: Failed to establish CASE for subscription-resumption with error '32'
[2026-03-06 16:55:06] I (3901084) esp_clock: CLOCK_STATUS context=periodic rtc_utc="2026-03-07 00:55:06 UTC" rtc_date_utc=2026-03-07 display_12h=04:55:06(PM) display_24h=16:55:06 sys_utc="2026-03-07 00:55:06 UTC" sys_utc_hms=00:55:06 utc_to_local_apply="-08:00" utc_to_local_offset_min=-480 temp_f=nan rh_pct=nan
[2026-03-06 16:55:06] I (3901098) esp_clock: Last NTP/Matter compare 0.00 days ago | Current RTC Local = 2026-03-06 16:55:06 PST | RTC->NTP drift = 1.293 sec (RTC behind NTP) | RTC->Matter drift = 0.000 sec (RTC behind Matter)
[2026-03-06 17:00:07] I (4201122) esp_clock: CLOCK_STATUS context=periodic rtc_utc="2026-03-07 01:00:06 UTC" rtc_date_utc=2026-03-07 display_12h=05:00:06(PM) display_24h=17:00:06 sys_utc="2026-03-07 01:00:06 UTC" sys_utc_hms=01:00:06 utc_to_local_apply="-08:00" utc_to_local_offset_min=-480 temp_f=nan rh_pct=nan
[2026-03-06 17:00:07] I (4201137) esp_clock: Last NTP/Matter compare 0.01 days ago | Current RTC Local = 2026-03-06 17:00:06 PST | RTC->NTP drift = 1.293 sec (RTC behind NTP) | RTC->Matter drift = 0.000 sec (RTC behind Matter)
[2026-03-06 17:05:07] I (4501164) esp_clock: CLOCK_STATUS context=periodic rtc_utc="2026-03-07 01:05:06 UTC" rtc_date_utc=2026-03-07 display_12h=05:05:06(PM) display_24h=17:05:06 sys_utc="2026-03-07 01:05:06 UTC" sys_utc_hms=01:05:06 utc_to_local_apply="-08:00" utc_to_local_offset_min=-480 temp_f=nan rh_pct=nan
[2026-03-06 17:05:07] I (4501178) esp_clock: Last NTP/Matter compare 0.01 days ago | Current RTC Local = 2026-03-06 17:05:06 PST | RTC->NTP drift = 1.293 sec (RTC behind NTP) | RTC->Matter drift = 1.000 sec (RTC behind Matter)
[2026-03-06 17:10:07] I (4801202) esp_clock: CLOCK_STATUS context=periodic rtc_utc="2026-03-07 01:10:06 UTC" rtc_date_utc=2026-03-07 display_12h=05:10:06(PM) display_24h=17:10:06 sys_utc="2026-03-07 01:10:07 UTC" sys_utc_hms=01:10:07 utc_to_local_apply="-08:00" utc_to_local_offset_min=-480 temp_f=nan rh_pct=nan
[2026-03-06 17:10:07] I (4801217) esp_clock: Last NTP/Matter compare 0.01 days ago | Current RTC Local = 2026-03-06 17:10:06 PST | RTC->NTP drift = 1.293 sec (RTC behind NTP) | RTC->Matter drift = 1.000 sec (RTC behind Matter)
[2026-03-06 17:15:07] I (5101241) esp_clock: CLOCK_STATUS context=periodic rtc_utc="2026-03-07 01:15:06 UTC" rtc_date_utc=2026-03-07 display_12h=05:15:06(PM) display_24h=17:15:06 sys_utc="2026-03-07 01:15:07 UTC" sys_utc_hms=01:15:07 utc_to_local_apply="-08:00" utc_to_local_offset_min=-480 temp_f=nan rh_pct=nan
[2026-03-06 17:15:07] I (5101255) esp_clock: Last NTP/Matter compare 0.02 days ago | Current RTC Local = 2026-03-06 17:15:06 PST | RTC->NTP drift = 1.293 sec (RTC behind NTP) | RTC->Matter drift = 1.000 sec (RTC behind Matter)
[2026-03-06 17:20:07] I (5401279) esp_clock: CLOCK_STATUS context=periodic rtc_utc="2026-03-07 01:20:06 UTC" rtc_date_utc=2026-03-07 display_12h=05:20:06(PM) display_24h=17:20:06 sys_utc="2026-03-07 01:20:07 UTC" sys_utc_hms=01:20:07 utc_to_local_apply="-08:00" utc_to_local_offset_min=-480 temp_f=nan rh_pct=nan
[2026-03-06 17:20:07] I (5401294) esp_clock: Last NTP/Matter compare 0.02 days ago | Current RTC Local = 2026-03-06 17:20:06 PST | RTC->NTP drift = 1.293 sec (RTC behind NTP) | RTC->Matter drift = 1.000 sec (RTC behind Matter)
[2026-03-06 17:25:07] I (5701319) esp_clock: CLOCK_STATUS context=periodic rtc_utc="2026-03-07 01:25:06 UTC" rtc_date_utc=2026-03-07 display_12h=05:25:06(PM) display_24h=17:25:06 sys_utc="2026-03-07 01:25:07 UTC" sys_utc_hms=01:25:07 utc_to_local_apply="-08:00" utc_to_local_offset_min=-480 temp_f=nan rh_pct=nan
[2026-03-06 17:25:07] I (5701333) esp_clock: Last NTP/Matter compare 0.02 days ago | Current RTC Local = 2026-03-06 17:25:06 PST | RTC->NTP drift = 1.293 sec (RTC behind NTP) | RTC->Matter drift = 1.000 sec (RTC behind Matter)
[2026-03-06 17:30:07] I (6001356) esp_clock: CLOCK_STATUS context=periodic rtc_utc="2026-03-07 01:30:06 UTC" rtc_date_utc=2026-03-07 display_12h=05:30:06(PM) display_24h=17:30:06 sys_utc="2026-03-07 01:30:07 UTC" sys_utc_hms=01:30:07 utc_to_local_apply="-08:00" utc_to_local_offset_min=-480 temp_f=nan rh_pct=nan
[2026-03-06 17:30:07] I (6001370) esp_clock: Last NTP/Matter compare 0.03 days ago | Current RTC Local = 2026-03-06 17:30:06 PST | RTC->NTP drift = 1.293 sec (RTC behind NTP) | RTC->Matter drift = 1.000 sec (RTC behind Matter)
[2026-03-06 17:35:07] I (6301391) esp_clock: CLOCK_STATUS context=periodic rtc_utc="2026-03-07 01:35:06 UTC" rtc_date_utc=2026-03-07 display_12h=05:35:06(PM) display_24h=17:35:06 sys_utc="2026-03-07 01:35:07 UTC" sys_utc_hms=01:35:07 utc_to_local_apply="-08:00" utc_to_local_offset_min=-480 temp_f=nan rh_pct=nan
[2026-03-06 17:35:07] I (6301406) esp_clock: Last NTP/Matter compare 0.03 days ago | Current RTC Local = 2026-03-06 17:35:06 PST | RTC->NTP drift = 1.293 sec (RTC behind NTP) | RTC->Matter drift = 1.000 sec (RTC behind Matter)
[2026-03-06 17:40:07] I (6601429) esp_clock: CLOCK_STATUS context=periodic rtc_utc="2026-03-07 01:40:06 UTC" rtc_date_utc=2026-03-07 display_12h=05:40:06(PM) display_24h=17:40:06 sys_utc="2026-03-07 01:40:07 UTC" sys_utc_hms=01:40:07 utc_to_local_apply="-08:00" utc_to_local_offset_min=-480 temp_f=nan rh_pct=nan
[2026-03-06 17:40:07] I (6601443) esp_clock: Last NTP/Matter compare 0.03 days ago | Current RTC Local = 2026-03-06 17:40:06 PST | RTC->NTP drift = 1.293 sec (RTC behind NTP) | RTC->Matter drift = 1.000 sec (RTC behind Matter)
[2026-03-06 17:45:07] I (6901471) esp_clock: CLOCK_STATUS context=periodic rtc_utc="2026-03-07 01:45:06 UTC" rtc_date_utc=2026-03-07 display_12h=05:45:06(PM) display_24h=17:45:06 sys_utc="2026-03-07 01:45:07 UTC" sys_utc_hms=01:45:07 utc_to_local_apply="-08:00" utc_to_local_offset_min=-480 temp_f=nan rh_pct=nan
[2026-03-06 17:45:07] I (6901485) esp_clock: Last NTP/Matter compare 0.04 days ago | Current RTC Local = 2026-03-06 17:45:06 PST | RTC->NTP drift = 1.293 sec (RTC behind NTP) | RTC->Matter drift = 1.000 sec (RTC behind Matter)
[2026-03-06 17:50:07] I (7201511) esp_clock: CLOCK_STATUS context=periodic rtc_utc="2026-03-07 01:50:06 UTC" rtc_date_utc=2026-03-07 display_12h=05:50:06(PM) display_24h=17:50:06 sys_utc="2026-03-07 01:50:07 UTC" sys_utc_hms=01:50:07 utc_to_local_apply="-08:00" utc_to_local_offset_min=-480 temp_f=nan rh_pct=nan
[2026-03-06 17:50:07] I (7201525) esp_clock: Last NTP/Matter compare 0.04 days ago | Current RTC Local = 2026-03-06 17:50:06 PST | RTC->NTP drift = 1.293 sec (RTC behind NTP) | RTC->Matter drift = 1.000 sec (RTC behind Matter)
[2026-03-06 17:51:11] I (7265538) esp_clock: CLOCK_STATUS context=sync-pre rtc_utc="2026-03-07 01:51:10 UTC" rtc_date_utc=2026-03-07 display_12h=05:51:10(PM) display_24h=17:51:10 sys_utc="2026-03-07 01:51:11 UTC" sys_utc_hms=01:51:11 utc_to_local_apply="-08:00" utc_to_local_offset_min=-480 temp_f=nan rh_pct=nan
[2026-03-06 17:51:11] I (7265553) esp_clock: Last NTP/Matter compare 0.04 days ago | Current RTC Local = 2026-03-06 17:51:10 PST | RTC->NTP drift = 1.293 sec (RTC behind NTP) | RTC->Matter drift = 1.000 sec (RTC behind Matter)
[2026-03-06 17:51:11] I (7265571) esp_clock: RTC sync: start mode=compare+sync reason=periodic-hourly
[2026-03-06 17:51:11] I (7265578) esp_clock: RTC sync: starting one-shot fetch server=fd7f:4975:d3c5:4f0a:bc3e:5442:1e1a:1911 port=123 timeout=10000 ms
[2026-03-06 17:51:11] I (7265589) esp_clock: Thread netif already default (ntp-test)
[2026-03-06 17:51:16] I (7270432) esp_clock: RTC sync: fetch success server=fd7f:4975:d3c5:4f0a:bc3e:5442:1e1a:1911 epoch=1772848276.354279 elapsed=4837 ms
[2026-03-06 17:51:16] I (7270433) esp_clock: SYNC_METRIC reason=periodic-hourly phase=pre source=fd7f:4975:d3c5:4f0a:bc3e:5442:1e1a:1911 ntp_epoch=1772848276 ntp_usec=354279 sys_epoch=1772848276 sys_usec=354407 rtc_epoch=1772848275 drift_rtc_sec=1.3543 drift_sys_ms=0.128 write_phase_ms=nan
[2026-03-06 17:51:16] I (7270456) esp_clock: RTC sync: RTC is 1.4 seconds behind NTP
[2026-03-06 17:51:16] I (7270462) esp_clock: RTC sync: RTC drift 1.354 sec <= 2 sec, no write needed (reason=periodic-hourly)
[2026-03-06 17:51:16] I (7270471) esp_clock: SYNC_METRIC reason=periodic-hourly phase=post source=fd7f:4975:d3c5:4f0a:bc3e:5442:1e1a:1911 ntp_epoch=1772848276 ntp_usec=354279 sys_epoch=1772848276 sys_usec=393243 rtc_epoch=1772848275 drift_rtc_sec=1.3932 drift_sys_ms=38.964 write_phase_ms=nan
[2026-03-06 17:51:16] I (7270495) esp_clock: RTC sync: post-sync RTC is 1.4 seconds behind NTP
[2026-03-06 17:51:16] I (7270501) esp_clock: RTC sync: SUCCESS compare+sync complete (reason=periodic-hourly)
[2026-03-06 17:51:16] I (7270510) esp_clock: CLOCK_STATUS context=sync-post-ok rtc_utc="2026-03-07 01:51:15 UTC" rtc_date_utc=2026-03-07 display_12h=05:51:15(PM) display_24h=17:51:15 sys_utc="2026-03-07 01:51:16 UTC" sys_utc_hms=01:51:16 utc_to_local_apply="-08:00" utc_to_local_offset_min=-480 temp_f=nan rh_pct=nan
[2026-03-06 17:51:16] I (7270535) esp_clock: Last NTP/Matter compare 0.00 days ago | Current RTC Local = 2026-03-06 17:51:15 PST | RTC->NTP drift = 1.393 sec (RTC behind NTP) | RTC->Matter drift = 1.000 sec (RTC behind Matter)
[2026-03-06 17:55:07] I (7501547) esp_clock: CLOCK_STATUS context=periodic rtc_utc="2026-03-07 01:55:06 UTC" rtc_date_utc=2026-03-07 display_12h=05:55:06(PM) display_24h=17:55:06 sys_utc="2026-03-07 01:55:07 UTC" sys_utc_hms=01:55:07 utc_to_local_apply="-08:00" utc_to_local_offset_min=-480 temp_f=nan rh_pct=nan
[2026-03-06 17:55:07] I (7501562) esp_clock: Last NTP/Matter compare 0.00 days ago | Current RTC Local = 2026-03-06 17:55:06 PST | RTC->NTP drift = 1.393 sec (RTC behind NTP) | RTC->Matter drift = 1.000 sec (RTC behind Matter)
[2026-03-06 18:00:07] I (7801586) esp_clock: CLOCK_STATUS context=periodic rtc_utc="2026-03-07 02:00:06 UTC" rtc_date_utc=2026-03-07 display_12h=06:00:06(PM) display_24h=18:00:06 sys_utc="2026-03-07 02:00:07 UTC" sys_utc_hms=02:00:07 utc_to_local_apply="-08:00" utc_to_local_offset_min=-480 temp_f=nan rh_pct=nan
[2026-03-06 18:00:07] I (7801600) esp_clock: Last NTP/Matter compare 0.01 days ago | Current RTC Local = 2026-03-06 18:00:06 PST | RTC->NTP drift = 1.393 sec (RTC behind NTP) | RTC->Matter drift = 1.000 sec (RTC behind Matter)
[2026-03-06 18:05:07] I (8101624) esp_clock: CLOCK_STATUS context=periodic rtc_utc="2026-03-07 02:05:06 UTC" rtc_date_utc=2026-03-07 display_12h=06:05:06(PM) display_24h=18:05:06 sys_utc="2026-03-07 02:05:07 UTC" sys_utc_hms=02:05:07 utc_to_local_apply="-08:00" utc_to_local_offset_min=-480 temp_f=nan rh_pct=nan
[2026-03-06 18:05:07] I (8101638) esp_clock: Last NTP/Matter compare 0.01 days ago | Current RTC Local = 2026-03-06 18:05:06 PST | RTC->NTP drift = 1.393 sec (RTC behind NTP) | RTC->Matter drift = 1.000 sec (RTC behind Matter)
[2026-03-06 18:10:07] I (8401661) esp_clock: CLOCK_STATUS context=periodic rtc_utc="2026-03-07 02:10:06 UTC" rtc_date_utc=2026-03-07 display_12h=06:10:06(PM) display_24h=18:10:06 sys_utc="2026-03-07 02:10:07 UTC" sys_utc_hms=02:10:07 utc_to_local_apply="-08:00" utc_to_local_offset_min=-480 temp_f=nan rh_pct=nan
[2026-03-06 18:10:07] I (8401675) esp_clock: Last NTP/Matter compare 0.01 days ago | Current RTC Local = 2026-03-06 18:10:06 PST | RTC->NTP drift = 1.393 sec (RTC behind NTP) | RTC->Matter drift = 1.000 sec (RTC behind Matter)
[2026-03-06 18:15:07] I (8701702) esp_clock: CLOCK_STATUS context=periodic rtc_utc="2026-03-07 02:15:07 UTC" rtc_date_utc=2026-03-07 display_12h=06:15:07(PM) display_24h=18:15:07 sys_utc="2026-03-07 02:15:07 UTC" sys_utc_hms=02:15:07 utc_to_local_apply="-08:00" utc_to_local_offset_min=-480 temp_f=nan rh_pct=nan
[2026-03-06 18:15:07] I (8701717) esp_clock: Last NTP/Matter compare 0.02 days ago | Current RTC Local = 2026-03-06 18:15:07 PST | RTC->NTP drift = 1.393 sec (RTC behind NTP) | RTC->Matter drift = 0.000 sec (RTC behind Matter)
[2026-03-06 18:20:07] I (9001744) esp_clock: CLOCK_STATUS context=periodic rtc_utc="2026-03-07 02:20:07 UTC" rtc_date_utc=2026-03-07 display_12h=06:20:07(PM) display_24h=18:20:07 sys_utc="2026-03-07 02:20:07 UTC" sys_utc_hms=02:20:07 utc_to_local_apply="-08:00" utc_to_local_offset_min=-480 temp_f=nan rh_pct=nan
[2026-03-06 18:20:07] I (9001758) esp_clock: Last NTP/Matter compare 0.02 days ago | Current RTC Local = 2026-03-06 18:20:07 PST | RTC->NTP drift = 1.393 sec (RTC behind NTP) | RTC->Matter drift = 0.000 sec (RTC behind Matter)
[2026-03-06 18:25:07] I (9301787) esp_clock: CLOCK_STATUS context=periodic rtc_utc="2026-03-07 02:25:07 UTC" rtc_date_utc=2026-03-07 display_12h=06:25:07(PM) display_24h=18:25:07 sys_utc="2026-03-07 02:25:07 UTC" sys_utc_hms=02:25:07 utc_to_local_apply="-08:00" utc_to_local_offset_min=-480 temp_f=nan rh_pct=nan
[2026-03-06 18:25:07] I (9301802) esp_clock: Last NTP/Matter compare 0.02 days ago | Current RTC Local = 2026-03-06 18:25:07 PST | RTC->NTP drift = 1.393 sec (RTC behind NTP) | RTC->Matter drift = 0.000 sec (RTC behind Matter)
[2026-03-06 18:30:07] I (9601821) esp_clock: CLOCK_STATUS context=periodic rtc_utc="2026-03-07 02:30:07 UTC" rtc_date_utc=2026-03-07 display_12h=06:30:07(PM) display_24h=18:30:07 sys_utc="2026-03-07 02:30:07 UTC" sys_utc_hms=02:30:07 utc_to_local_apply="-08:00" utc_to_local_offset_min=-480 temp_f=nan rh_pct=nan
[2026-03-06 18:30:07] I (9601835) esp_clock: Last NTP/Matter compare 0.03 days ago | Current RTC Local = 2026-03-06 18:30:07 PST | RTC->NTP drift = 1.393 sec (RTC behind NTP) | RTC->Matter drift = 0.000 sec (RTC behind Matter)
[2026-03-06 18:35:07] I (9901857) esp_clock: CLOCK_STATUS context=periodic rtc_utc="2026-03-07 02:35:07 UTC" rtc_date_utc=2026-03-07 display_12h=06:35:07(PM) display_24h=18:35:07 sys_utc="2026-03-07 02:35:07 UTC" sys_utc_hms=02:35:07 utc_to_local_apply="-08:00" utc_to_local_offset_min=-480 temp_f=nan rh_pct=nan
[2026-03-06 18:35:07] I (9901872) esp_clock: Last NTP/Matter compare 0.03 days ago | Current RTC Local = 2026-03-06 18:35:07 PST | RTC->NTP drift = 1.393 sec (RTC behind NTP) | RTC->Matter drift = 0.000 sec (RTC behind Matter)
[2026-03-06 18:40:07] I (10201894) esp_clock: CLOCK_STATUS context=periodic rtc_utc="2026-03-07 02:40:07 UTC" rtc_date_utc=2026-03-07 display_12h=06:40:07(PM) display_24h=18:40:07 sys_utc="2026-03-07 02:40:07 UTC" sys_utc_hms=02:40:07 utc_to_local_apply="-08:00" utc_to_local_offset_min=-480 temp_f=nan rh_pct=nan
[2026-03-06 18:40:07] I (10201908) esp_clock: Last NTP/Matter compare 0.03 days ago | Current RTC Local = 2026-03-06 18:40:07 PST | RTC->NTP drift = 1.393 sec (RTC behind NTP) | RTC->Matter drift = 0.000 sec (RTC behind Matter)
[2026-03-06 18:45:07] I (10501936) esp_clock: CLOCK_STATUS context=periodic rtc_utc="2026-03-07 02:45:07 UTC" rtc_date_utc=2026-03-07 display_12h=06:45:07(PM) display_24h=18:45:07 sys_utc="2026-03-07 02:45:07 UTC" sys_utc_hms=02:45:07 utc_to_local_apply="-08:00" utc_to_local_offset_min=-480 temp_f=nan rh_pct=nan
[2026-03-06 18:45:07] I (10501951) esp_clock: Last NTP/Matter compare 0.04 days ago | Current RTC Local = 2026-03-06 18:45:07 PST | RTC->NTP drift = 1.393 sec (RTC behind NTP) | RTC->Matter drift = 0.000 sec (RTC behind Matter)
[2026-03-06 18:50:08] I (10801976) esp_clock: CLOCK_STATUS context=periodic rtc_utc="2026-03-07 02:50:07 UTC" rtc_date_utc=2026-03-07 display_12h=06:50:07(PM) display_24h=18:50:07 sys_utc="2026-03-07 02:50:07 UTC" sys_utc_hms=02:50:07 utc_to_local_apply="-08:00" utc_to_local_offset_min=-480 temp_f=nan rh_pct=nan
[2026-03-06 18:50:08] I (10801990) esp_clock: Last NTP/Matter compare 0.04 days ago | Current RTC Local = 2026-03-06 18:50:07 PST | RTC->NTP drift = 1.393 sec (RTC behind NTP) | RTC->Matter drift = 0.000 sec (RTC behind Matter)
[2026-03-06 18:51:16] I (10870553) esp_clock: CLOCK_STATUS context=sync-pre rtc_utc="2026-03-07 02:51:15 UTC" rtc_date_utc=2026-03-07 display_12h=06:51:15(PM) display_24h=18:51:15 sys_utc="2026-03-07 02:51:16 UTC" sys_utc_hms=02:51:16 utc_to_local_apply="-08:00" utc_to_local_offset_min=-480 temp_f=nan rh_pct=nan
[2026-03-06 18:51:16] I (10870567) esp_clock: Last NTP/Matter compare 0.04 days ago | Current RTC Local = 2026-03-06 18:51:15 PST | RTC->NTP drift = 1.393 sec (RTC behind NTP) | RTC->Matter drift = 1.000 sec (RTC behind Matter)
[2026-03-06 18:51:16] I (10870585) esp_clock: RTC sync: start mode=compare+sync reason=periodic-hourly
[2026-03-06 18:51:16] I (10870593) esp_clock: RTC sync: starting one-shot fetch server=fd7f:4975:d3c5:4f0a:bc3e:5442:1e1a:1911 port=123 timeout=10000 ms
[2026-03-06 18:51:16] I (10870604) esp_clock: Thread netif already default (ntp-test)
[2026-03-06 18:51:17] I (10871767) esp_clock: RTC sync: fetch success server=fd7f:4975:d3c5:4f0a:bc3e:5442:1e1a:1911 epoch=1772851877.767606 elapsed=1157 ms
[2026-03-06 18:51:17] I (10871768) esp_clock: SYNC_METRIC reason=periodic-hourly phase=pre source=fd7f:4975:d3c5:4f0a:bc3e:5442:1e1a:1911 ntp_epoch=1772851877 ntp_usec=767606 sys_epoch=1772851877 sys_usec=767734 rtc_epoch=1772851877 drift_rtc_sec=0.7676 drift_sys_ms=0.128 write_phase_ms=nan
[2026-03-06 18:51:17] I (10871791) esp_clock: RTC sync: RTC is within 1 second variance of NTP
[2026-03-06 18:51:17] I (10871798) esp_clock: RTC sync: RTC drift 0.768 sec <= 2 sec, no write needed (reason=periodic-hourly)
[2026-03-06 18:51:17] I (10871807) esp_clock: SYNC_METRIC reason=periodic-hourly phase=post source=fd7f:4975:d3c5:4f0a:bc3e:5442:1e1a:1911 ntp_epoch=1772851877 ntp_usec=767606 sys_epoch=1772851877 sys_usec=807696 rtc_epoch=1772851877 drift_rtc_sec=0.8077 drift_sys_ms=40.090 write_phase_ms=nan
[2026-03-06 18:51:17] I (10871831) esp_clock: RTC sync: post-sync RTC is within 1 second variance of NTP
[2026-03-06 18:51:17] I (10871838) esp_clock: RTC sync: SUCCESS compare+sync complete (reason=periodic-hourly)
[2026-03-06 18:51:17] I (10871847) esp_clock: CLOCK_STATUS context=sync-post-ok rtc_utc="2026-03-07 02:51:17 UTC" rtc_date_utc=2026-03-07 display_12h=06:51:17(PM) display_24h=18:51:17 sys_utc="2026-03-07 02:51:17 UTC" sys_utc_hms=02:51:17 utc_to_local_apply="-08:00" utc_to_local_offset_min=-480 temp_f=nan rh_pct=nan
[2026-03-06 18:51:17] I (10871872) esp_clock: Last NTP/Matter compare 0.00 days ago | Current RTC Local = 2026-03-06 18:51:17 PST | RTC->NTP drift = 0.808 sec (RTC behind NTP) | RTC->Matter drift = 0.000 sec (RTC behind Matter)
[2026-03-06 18:55:08] I (11102017) esp_clock: CLOCK_STATUS context=periodic rtc_utc="2026-03-07 02:55:07 UTC" rtc_date_utc=2026-03-07 display_12h=06:55:07(PM) display_24h=18:55:07 sys_utc="2026-03-07 02:55:08 UTC" sys_utc_hms=02:55:08 utc_to_local_apply="-08:00" utc_to_local_offset_min=-480 temp_f=nan rh_pct=nan
[2026-03-06 18:55:08] I (11102032) esp_clock: Last NTP/Matter compare 0.00 days ago | Current RTC Local = 2026-03-06 18:55:07 PST | RTC->NTP drift = 0.808 sec (RTC behind NTP) | RTC->Matter drift = 1.000 sec (RTC behind Matter)
[2026-03-06 19:00:08] I (11402054) esp_clock: CLOCK_STATUS context=periodic rtc_utc="2026-03-07 03:00:07 UTC" rtc_date_utc=2026-03-07 display_12h=07:00:07(PM) display_24h=19:00:07 sys_utc="2026-03-07 03:00:08 UTC" sys_utc_hms=03:00:08 utc_to_local_apply="-08:00" utc_to_local_offset_min=-480 temp_f=nan rh_pct=nan
[2026-03-06 19:00:08] I (11402068) esp_clock: Last NTP/Matter compare 0.01 days ago | Current RTC Local = 2026-03-06 19:00:07 PST | RTC->NTP drift = 0.808 sec (RTC behind NTP) | RTC->Matter drift = 1.000 sec (RTC behind Matter)
[2026-03-06 19:00:39] E (11433506) chip[DMG]: Fail to retrieve data, roll back and encode status on clusterId: 0x0000_0033, attributeId: 0x0000_0003err = 586
[2026-03-06 19:05:08] I (11702092) esp_clock: CLOCK_STATUS context=periodic rtc_utc="2026-03-07 03:05:07 UTC" rtc_date_utc=2026-03-07 display_12h=07:05:07(PM) display_24h=19:05:07 sys_utc="2026-03-07 03:05:08 UTC" sys_utc_hms=03:05:08 utc_to_local_apply="-08:00" utc_to_local_offset_min=-480 temp_f=nan rh_pct=nan
[2026-03-06 19:05:08] I (11702107) esp_clock: Last NTP/Matter compare 0.01 days ago | Current RTC Local = 2026-03-06 19:05:07 PST | RTC->NTP drift = 0.808 sec (RTC behind NTP) | RTC->Matter drift = 1.000 sec (RTC behind Matter)
[2026-03-06 19:10:08] I (12002132) esp_clock: CLOCK_STATUS context=periodic rtc_utc="2026-03-07 03:10:07 UTC" rtc_date_utc=2026-03-07 display_12h=07:10:07(PM) display_24h=19:10:07 sys_utc="2026-03-07 03:10:08 UTC" sys_utc_hms=03:10:08 utc_to_local_apply="-08:00" utc_to_local_offset_min=-480 temp_f=nan rh_pct=nan
[2026-03-06 19:10:08] I (12002147) esp_clock: Last NTP/Matter compare 0.01 days ago | Current RTC Local = 2026-03-06 19:10:07 PST | RTC->NTP drift = 0.808 sec (RTC behind NTP) | RTC->Matter drift = 1.000 sec (RTC behind Matter)
[2026-03-06 19:15:08] I (12302179) esp_clock: CLOCK_STATUS context=periodic rtc_utc="2026-03-07 03:15:07 UTC" rtc_date_utc=2026-03-07 display_12h=07:15:07(PM) display_24h=19:15:07 sys_utc="2026-03-07 03:15:08 UTC" sys_utc_hms=03:15:08 utc_to_local_apply="-08:00" utc_to_local_offset_min=-480 temp_f=nan rh_pct=nan
[2026-03-06 19:15:08] I (12302193) esp_clock: Last NTP/Matter compare 0.02 days ago | Current RTC Local = 2026-03-06 19:15:07 PST | RTC->NTP drift = 0.808 sec (RTC behind NTP) | RTC->Matter drift = 1.000 sec (RTC behind Matter)
[2026-03-06 19:20:08] I (12602222) esp_clock: CLOCK_STATUS context=periodic rtc_utc="2026-03-07 03:20:07 UTC" rtc_date_utc=2026-03-07 display_12h=07:20:07(PM) display_24h=19:20:07 sys_utc="2026-03-07 03:20:08 UTC" sys_utc_hms=03:20:08 utc_to_local_apply="-08:00" utc_to_local_offset_min=-480 temp_f=nan rh_pct=nan
[2026-03-06 19:20:08] I (12602237) esp_clock: Last NTP/Matter compare 0.02 days ago | Current RTC Local = 2026-03-06 19:20:07 PST | RTC->NTP drift = 0.808 sec (RTC behind NTP) | RTC->Matter drift = 1.000 sec (RTC behind Matter)
[2026-03-06 19:25:08] I (12902264) esp_clock: CLOCK_STATUS context=periodic rtc_utc="2026-03-07 03:25:07 UTC" rtc_date_utc=2026-03-07 display_12h=07:25:07(PM) display_24h=19:25:07 sys_utc="2026-03-07 03:25:08 UTC" sys_utc_hms=03:25:08 utc_to_local_apply="-08:00" utc_to_local_offset_min=-480 temp_f=nan rh_pct=nan
[2026-03-06 19:25:08] I (12902278) esp_clock: Last NTP/Matter compare 0.02 days ago | Current RTC Local = 2026-03-06 19:25:07 PST | RTC->NTP drift = 0.808 sec (RTC behind NTP) | RTC->Matter drift = 1.000 sec (RTC behind Matter)
[2026-03-06 19:30:08] I (13202301) esp_clock: CLOCK_STATUS context=periodic rtc_utc="2026-03-07 03:30:07 UTC" rtc_date_utc=2026-03-07 display_12h=07:30:07(PM) display_24h=19:30:07 sys_utc="2026-03-07 03:30:08 UTC" sys_utc_hms=03:30:08 utc_to_local_apply="-08:00" utc_to_local_offset_min=-480 temp_f=nan rh_pct=nan
[2026-03-06 19:30:08] I (13202315) esp_clock: Last NTP/Matter compare 0.03 days ago | Current RTC Local = 2026-03-06 19:30:07 PST | RTC->NTP drift = 0.808 sec (RTC behind NTP) | RTC->Matter drift = 1.000 sec (RTC behind Matter)
[2026-03-06 19:35:08] I (13502343) esp_clock: CLOCK_STATUS context=periodic rtc_utc="2026-03-07 03:35:07 UTC" rtc_date_utc=2026-03-07 display_12h=07:35:07(PM) display_24h=19:35:07 sys_utc="2026-03-07 03:35:08 UTC" sys_utc_hms=03:35:08 utc_to_local_apply="-08:00" utc_to_local_offset_min=-480 temp_f=nan rh_pct=nan
[2026-03-06 19:35:08] I (13502358) esp_clock: Last NTP/Matter compare 0.03 days ago | Current RTC Local = 2026-03-06 19:35:07 PST | RTC->NTP drift = 0.808 sec (RTC behind NTP) | RTC->Matter drift = 1.000 sec (RTC behind Matter)
[2026-03-06 19:40:08] I (13802381) esp_clock: CLOCK_STATUS context=periodic rtc_utc="2026-03-07 03:40:07 UTC" rtc_date_utc=2026-03-07 display_12h=07:40:07(PM) display_24h=19:40:07 sys_utc="2026-03-07 03:40:08 UTC" sys_utc_hms=03:40:08 utc_to_local_apply="-08:00" utc_to_local_offset_min=-480 temp_f=nan rh_pct=nan
[2026-03-06 19:40:08] I (13802395) esp_clock: Last NTP/Matter compare 0.03 days ago | Current RTC Local = 2026-03-06 19:40:07 PST | RTC->NTP drift = 0.808 sec (RTC behind NTP) | RTC->Matter drift = 1.000 sec (RTC behind Matter)
[2026-03-06 19:45:08] I (14102421) esp_clock: CLOCK_STATUS context=periodic rtc_utc="2026-03-07 03:45:07 UTC" rtc_date_utc=2026-03-07 display_12h=07:45:07(PM) display_24h=19:45:07 sys_utc="2026-03-07 03:45:08 UTC" sys_utc_hms=03:45:08 utc_to_local_apply="-08:00" utc_to_local_offset_min=-480 temp_f=nan rh_pct=nan
[2026-03-06 19:45:08] I (14102435) esp_clock: Last NTP/Matter compare 0.04 days ago | Current RTC Local = 2026-03-06 19:45:07 PST | RTC->NTP drift = 0.808 sec (RTC behind NTP) | RTC->Matter drift = 1.000 sec (RTC behind Matter)
[2026-03-06 19:50:08] I (14402459) esp_clock: CLOCK_STATUS context=periodic rtc_utc="2026-03-07 03:50:07 UTC" rtc_date_utc=2026-03-07 display_12h=07:50:07(PM) display_24h=19:50:07 sys_utc="2026-03-07 03:50:08 UTC" sys_utc_hms=03:50:08 utc_to_local_apply="-08:00" utc_to_local_offset_min=-480 temp_f=nan rh_pct=nan
[2026-03-06 19:50:08] I (14402473) esp_clock: Last NTP/Matter compare 0.04 days ago | Current RTC Local = 2026-03-06 19:50:07 PST | RTC->NTP drift = 0.808 sec (RTC behind NTP) | RTC->Matter drift = 1.000 sec (RTC behind Matter)
[2026-03-06 19:51:18] I (14471891) esp_clock: CLOCK_STATUS context=sync-pre rtc_utc="2026-03-07 03:51:17 UTC" rtc_date_utc=2026-03-07 display_12h=07:51:17(PM) display_24h=19:51:17 sys_utc="2026-03-07 03:51:17 UTC" sys_utc_hms=03:51:17 utc_to_local_apply="-08:00" utc_to_local_offset_min=-480 temp_f=nan rh_pct=nan
[2026-03-06 19:51:18] I (14471905) esp_clock: Last NTP/Matter compare 0.04 days ago | Current RTC Local = 2026-03-06 19:51:17 PST | RTC->NTP drift = 0.808 sec (RTC behind NTP) | RTC->Matter drift = 0.000 sec (RTC behind Matter)
[2026-03-06 19:51:18] I (14471923) esp_clock: RTC sync: start mode=compare+sync reason=periodic-hourly
[2026-03-06 19:51:18] I (14471930) esp_clock: RTC sync: starting one-shot fetch server=fd7f:4975:d3c5:4f0a:bc3e:5442:1e1a:1911 port=123 timeout=10000 ms
[2026-03-06 19:51:18] I (14471942) esp_clock: Thread netif already default (ntp-test)
[2026-03-06 19:51:22] I (14476477) esp_clock: RTC sync: fetch success server=fd7f:4975:d3c5:4f0a:bc3e:5442:1e1a:1911 epoch=1772855482.565598 elapsed=4529 ms
[2026-03-06 19:51:22] I (14476479) esp_clock: SYNC_METRIC reason=periodic-hourly phase=pre source=fd7f:4975:d3c5:4f0a:bc3e:5442:1e1a:1911 ntp_epoch=1772855482 ntp_usec=565598 sys_epoch=1772855482 sys_usec=565726 rtc_epoch=1772855481 drift_rtc_sec=1.5656 drift_sys_ms=0.128 write_phase_ms=nan
[2026-03-06 19:51:22] I (14476501) esp_clock: RTC sync: RTC is 1.6 seconds behind NTP
[2026-03-06 19:51:22] I (14476507) esp_clock: RTC sync: RTC drift 1.566 sec <= 2 sec, no write needed (reason=periodic-hourly)
[2026-03-06 19:51:22] I (14476517) esp_clock: SYNC_METRIC reason=periodic-hourly phase=post source=fd7f:4975:d3c5:4f0a:bc3e:5442:1e1a:1911 ntp_epoch=1772855482 ntp_usec=565598 sys_epoch=1772855482 sys_usec=604908 rtc_epoch=1772855481 drift_rtc_sec=1.6049 drift_sys_ms=39.310 write_phase_ms=nan
[2026-03-06 19:51:22] I (14476540) esp_clock: RTC sync: post-sync RTC is 1.6 seconds behind NTP
[2026-03-06 19:51:22] I (14476547) esp_clock: RTC sync: SUCCESS compare+sync complete (reason=periodic-hourly)
[2026-03-06 19:51:22] I (14476555) esp_clock: CLOCK_STATUS context=sync-post-ok rtc_utc="2026-03-07 03:51:21 UTC" rtc_date_utc=2026-03-07 display_12h=07:51:21(PM) display_24h=19:51:21 sys_utc="2026-03-07 03:51:22 UTC" sys_utc_hms=03:51:22 utc_to_local_apply="-08:00" utc_to_local_offset_min=-480 temp_f=nan rh_pct=nan
[2026-03-06 19:51:22] I (14476580) esp_clock: Last NTP/Matter compare 0.00 days ago | Current RTC Local = 2026-03-06 19:51:21 PST | RTC->NTP drift = 1.605 sec (RTC behind NTP) | RTC->Matter drift = 1.000 sec (RTC behind Matter)
[2026-03-06 19:55:08] I (14702501) esp_clock: CLOCK_STATUS context=periodic rtc_utc="2026-03-07 03:55:07 UTC" rtc_date_utc=2026-03-07 display_12h=07:55:07(PM) display_24h=19:55:07 sys_utc="2026-03-07 03:55:08 UTC" sys_utc_hms=03:55:08 utc_to_local_apply="-08:00" utc_to_local_offset_min=-480 temp_f=nan rh_pct=nan
[2026-03-06 19:55:08] I (14702515) esp_clock: Last NTP/Matter compare 0.00 days ago | Current RTC Local = 2026-03-06 19:55:07 PST | RTC->NTP drift = 1.605 sec (RTC behind NTP) | RTC->Matter drift = 1.000 sec (RTC behind Matter)
[2026-03-06 20:00:08] I (15002534) esp_clock: CLOCK_STATUS context=periodic rtc_utc="2026-03-07 04:00:07 UTC" rtc_date_utc=2026-03-07 display_12h=08:00:07(PM) display_24h=20:00:07 sys_utc="2026-03-07 04:00:08 UTC" sys_utc_hms=04:00:08 utc_to_local_apply="-08:00" utc_to_local_offset_min=-480 temp_f=nan rh_pct=nan
[2026-03-06 20:00:08] I (15002548) esp_clock: Last NTP/Matter compare 0.01 days ago | Current RTC Local = 2026-03-06 20:00:07 PST | RTC->NTP drift = 1.605 sec (RTC behind NTP) | RTC->Matter drift = 1.000 sec (RTC behind Matter)
[2026-03-06 20:05:08] I (15302577) esp_clock: CLOCK_STATUS context=periodic rtc_utc="2026-03-07 04:05:08 UTC" rtc_date_utc=2026-03-07 display_12h=08:05:08(PM) display_24h=20:05:08 sys_utc="2026-03-07 04:05:08 UTC" sys_utc_hms=04:05:08 utc_to_local_apply="-08:00" utc_to_local_offset_min=-480 temp_f=nan rh_pct=nan
[2026-03-06 20:05:08] I (15302592) esp_clock: Last NTP/Matter compare 0.01 days ago | Current RTC Local = 2026-03-06 20:05:08 PST | RTC->NTP drift = 1.605 sec (RTC behind NTP) | RTC->Matter drift = 0.000 sec (RTC behind Matter)
[2026-03-06 20:10:08] I (15602614) esp_clock: CLOCK_STATUS context=periodic rtc_utc="2026-03-07 04:10:08 UTC" rtc_date_utc=2026-03-07 display_12h=08:10:08(PM) display_24h=20:10:08 sys_utc="2026-03-07 04:10:08 UTC" sys_utc_hms=04:10:08 utc_to_local_apply="-08:00" utc_to_local_offset_min=-480 temp_f=nan rh_pct=nan
[2026-03-06 20:10:08] I (15602629) esp_clock: Last NTP/Matter compare 0.01 days ago | Current RTC Local = 2026-03-06 20:10:08 PST | RTC->NTP drift = 1.605 sec (RTC behind NTP) | RTC->Matter drift = 0.000 sec (RTC behind Matter)
[2026-03-06 20:15:08] I (15902658) esp_clock: CLOCK_STATUS context=periodic rtc_utc="2026-03-07 04:15:08 UTC" rtc_date_utc=2026-03-07 display_12h=08:15:08(PM) display_24h=20:15:08 sys_utc="2026-03-07 04:15:08 UTC" sys_utc_hms=04:15:08 utc_to_local_apply="-08:00" utc_to_local_offset_min=-480 temp_f=nan rh_pct=nan
[2026-03-06 20:15:08] I (15902673) esp_clock: Last NTP/Matter compare 0.02 days ago | Current RTC Local = 2026-03-06 20:15:08 PST | RTC->NTP drift = 1.605 sec (RTC behind NTP) | RTC->Matter drift = 0.000 sec (RTC behind Matter)
[2026-03-06 20:20:08] I (16202696) esp_clock: CLOCK_STATUS context=periodic rtc_utc="2026-03-07 04:20:08 UTC" rtc_date_utc=2026-03-07 display_12h=08:20:08(PM) display_24h=20:20:08 sys_utc="2026-03-07 04:20:08 UTC" sys_utc_hms=04:20:08 utc_to_local_apply="-08:00" utc_to_local_offset_min=-480 temp_f=nan rh_pct=nan
[2026-03-06 20:20:08] I (16202710) esp_clock: Last NTP/Matter compare 0.02 days ago | Current RTC Local = 2026-03-06 20:20:08 PST | RTC->NTP drift = 1.605 sec (RTC behind NTP) | RTC->Matter drift = 0.000 sec (RTC behind Matter)
[2026-03-06 20:25:08] I (16502732) esp_clock: CLOCK_STATUS context=periodic rtc_utc="2026-03-07 04:25:08 UTC" rtc_date_utc=2026-03-07 display_12h=08:25:08(PM) display_24h=20:25:08 sys_utc="2026-03-07 04:25:08 UTC" sys_utc_hms=04:25:08 utc_to_local_apply="-08:00" utc_to_local_offset_min=-480 temp_f=nan rh_pct=nan
[2026-03-06 20:25:08] I (16502747) esp_clock: Last NTP/Matter compare 0.02 days ago | Current RTC Local = 2026-03-06 20:25:08 PST | RTC->NTP drift = 1.605 sec (RTC behind NTP) | RTC->Matter drift = 0.000 sec (RTC behind Matter)
[2026-03-06 20:30:08] I (16802769) esp_clock: CLOCK_STATUS context=periodic rtc_utc="2026-03-07 04:30:08 UTC" rtc_date_utc=2026-03-07 display_12h=08:30:08(PM) display_24h=20:30:08 sys_utc="2026-03-07 04:30:08 UTC" sys_utc_hms=04:30:08 utc_to_local_apply="-08:00" utc_to_local_offset_min=-480 temp_f=nan rh_pct=nan
[2026-03-06 20:30:08] I (16802783) esp_clock: Last NTP/Matter compare 0.03 days ago | Current RTC Local = 2026-03-06 20:30:08 PST | RTC->NTP drift = 1.605 sec (RTC behind NTP) | RTC->Matter drift = 0.000 sec (RTC behind Matter)
[2026-03-06 20:35:09] I (17102811) esp_clock: CLOCK_STATUS context=periodic rtc_utc="2026-03-07 04:35:08 UTC" rtc_date_utc=2026-03-07 display_12h=08:35:08(PM) display_24h=20:35:08 sys_utc="2026-03-07 04:35:08 UTC" sys_utc_hms=04:35:08 utc_to_local_apply="-08:00" utc_to_local_offset_min=-480 temp_f=nan rh_pct=nan
[2026-03-06 20:35:09] I (17102825) esp_clock: Last NTP/Matter compare 0.03 days ago | Current RTC Local = 2026-03-06 20:35:08 PST | RTC->NTP drift = 1.605 sec (RTC behind NTP) | RTC->Matter drift = 0.000 sec (RTC behind Matter)
[2026-03-06 20:40:09] I (17402852) esp_clock: CLOCK_STATUS context=periodic rtc_utc="2026-03-07 04:40:08 UTC" rtc_date_utc=2026-03-07 display_12h=08:40:08(PM) display_24h=20:40:08 sys_utc="2026-03-07 04:40:08 UTC" sys_utc_hms=04:40:08 utc_to_local_apply="-08:00" utc_to_local_offset_min=-480 temp_f=nan rh_pct=nan
[2026-03-06 20:40:09] I (17402867) esp_clock: Last NTP/Matter compare 0.03 days ago | Current RTC Local = 2026-03-06 20:40:08 PST | RTC->NTP drift = 1.605 sec (RTC behind NTP) | RTC->Matter drift = 0.000 sec (RTC behind Matter)
[2026-03-06 20:45:09] I (17702891) esp_clock: CLOCK_STATUS context=periodic rtc_utc="2026-03-07 04:45:08 UTC" rtc_date_utc=2026-03-07 display_12h=08:45:08(PM) display_24h=20:45:08 sys_utc="2026-03-07 04:45:08 UTC" sys_utc_hms=04:45:08 utc_to_local_apply="-08:00" utc_to_local_offset_min=-480 temp_f=nan rh_pct=nan
[2026-03-06 20:45:09] I (17702906) esp_clock: Last NTP/Matter compare 0.04 days ago | Current RTC Local = 2026-03-06 20:45:08 PST | RTC->NTP drift = 1.605 sec (RTC behind NTP) | RTC->Matter drift = 0.000 sec (RTC behind Matter)
[2026-03-06 20:50:09] I (18002934) esp_clock: CLOCK_STATUS context=periodic rtc_utc="2026-03-07 04:50:08 UTC" rtc_date_utc=2026-03-07 display_12h=08:50:08(PM) display_24h=20:50:08 sys_utc="2026-03-07 04:50:09 UTC" sys_utc_hms=04:50:09 utc_to_local_apply="-08:00" utc_to_local_offset_min=-480 temp_f=nan rh_pct=nan
[2026-03-06 20:50:09] I (18002948) esp_clock: Last NTP/Matter compare 0.04 days ago | Current RTC Local = 2026-03-06 20:50:08 PST | RTC->NTP drift = 1.605 sec (RTC behind NTP) | RTC->Matter drift = 1.000 sec (RTC behind Matter)
[2026-03-06 20:51:22] I (18076598) esp_clock: CLOCK_STATUS context=sync-pre rtc_utc="2026-03-07 04:51:22 UTC" rtc_date_utc=2026-03-07 display_12h=08:51:22(PM) display_24h=20:51:22 sys_utc="2026-03-07 04:51:22 UTC" sys_utc_hms=04:51:22 utc_to_local_apply="-08:00" utc_to_local_offset_min=-480 temp_f=nan rh_pct=nan
[2026-03-06 20:51:22] I (18076613) esp_clock: Last NTP/Matter compare 0.04 days ago | Current RTC Local = 2026-03-06 20:51:22 PST | RTC->NTP drift = 1.605 sec (RTC behind NTP) | RTC->Matter drift = 0.000 sec (RTC behind Matter)
[2026-03-06 20:51:22] I (18076631) esp_clock: RTC sync: start mode=compare+sync reason=periodic-hourly
[2026-03-06 20:51:22] I (18076638) esp_clock: RTC sync: starting one-shot fetch server=fd7f:4975:d3c5:4f0a:bc3e:5442:1e1a:1911 port=123 timeout=10000 ms
[2026-03-06 20:51:22] I (18076649) esp_clock: Thread netif already default (ntp-test)
[2026-03-06 20:51:25] I (18079795) esp_clock: RTC sync: fetch success server=fd7f:4975:d3c5:4f0a:bc3e:5442:1e1a:1911 epoch=1772859085.967819 elapsed=3139 ms
[2026-03-06 20:51:26] I (18079796) esp_clock: SYNC_METRIC reason=periodic-hourly phase=pre source=fd7f:4975:d3c5:4f0a:bc3e:5442:1e1a:1911 ntp_epoch=1772859085 ntp_usec=967819 sys_epoch=1772859085 sys_usec=967947 rtc_epoch=1772859085 drift_rtc_sec=0.9678 drift_sys_ms=0.128 write_phase_ms=nan
[2026-03-06 20:51:26] I (18079819) esp_clock: RTC sync: RTC is within 1 second variance of NTP
[2026-03-06 20:51:26] I (18079825) esp_clock: RTC sync: RTC drift 0.968 sec <= 2 sec, no write needed (reason=periodic-hourly)
[2026-03-06 20:51:26] I (18079835) esp_clock: SYNC_METRIC reason=periodic-hourly phase=post source=fd7f:4975:d3c5:4f0a:bc3e:5442:1e1a:1911 ntp_epoch=1772859085 ntp_usec=967819 sys_epoch=1772859086 sys_usec=7910 rtc_epoch=1772859085 drift_rtc_sec=1.0079 drift_sys_ms=40.091 write_phase_ms=nan
[2026-03-06 20:51:26] I (18079858) esp_clock: RTC sync: post-sync RTC is 1.0 seconds behind NTP
[2026-03-06 20:51:26] I (18079865) esp_clock: RTC sync: SUCCESS compare+sync complete (reason=periodic-hourly)
[2026-03-06 20:51:26] I (18079873) esp_clock: CLOCK_STATUS context=sync-post-ok rtc_utc="2026-03-07 04:51:25 UTC" rtc_date_utc=2026-03-07 display_12h=08:51:25(PM) display_24h=20:51:25 sys_utc="2026-03-07 04:51:26 UTC" sys_utc_hms=04:51:26 utc_to_local_apply="-08:00" utc_to_local_offset_min=-480 temp_f=nan rh_pct=nan
[2026-03-06 20:51:26] I (18079898) esp_clock: Last NTP/Matter compare 0.00 days ago | Current RTC Local = 2026-03-06 20:51:25 PST | RTC->NTP drift = 1.008 sec (RTC behind NTP) | RTC->Matter drift = 1.000 sec (RTC behind Matter)
[2026-03-06 20:55:09] I (18302969) esp_clock: CLOCK_STATUS context=periodic rtc_utc="2026-03-07 04:55:08 UTC" rtc_date_utc=2026-03-07 display_12h=08:55:08(PM) display_24h=20:55:08 sys_utc="2026-03-07 04:55:09 UTC" sys_utc_hms=04:55:09 utc_to_local_apply="-08:00" utc_to_local_offset_min=-480 temp_f=nan rh_pct=nan
[2026-03-06 20:55:09] I (18302983) esp_clock: Last NTP/Matter compare 0.00 days ago | Current RTC Local = 2026-03-06 20:55:08 PST | RTC->NTP drift = 1.008 sec (RTC behind NTP) | RTC->Matter drift = 1.000 sec (RTC behind Matter)
[2026-03-06 21:00:09] I (18603009) esp_clock: CLOCK_STATUS context=periodic rtc_utc="2026-03-07 05:00:08 UTC" rtc_date_utc=2026-03-07 display_12h=09:00:08(PM) display_24h=21:00:08 sys_utc="2026-03-07 05:00:09 UTC" sys_utc_hms=05:00:09 utc_to_local_apply="-08:00" utc_to_local_offset_min=-480 temp_f=nan rh_pct=nan
[2026-03-06 21:00:09] I (18603023) esp_clock: Last NTP/Matter compare 0.01 days ago | Current RTC Local = 2026-03-06 21:00:08 PST | RTC->NTP drift = 1.008 sec (RTC behind NTP) | RTC->Matter drift = 1.000 sec (RTC behind Matter)
[2026-03-06 21:05:09] I (18903046) esp_clock: CLOCK_STATUS context=periodic rtc_utc="2026-03-07 05:05:08 UTC" rtc_date_utc=2026-03-07 display_12h=09:05:08(PM) display_24h=21:05:08 sys_utc="2026-03-07 05:05:09 UTC" sys_utc_hms=05:05:09 utc_to_local_apply="-08:00" utc_to_local_offset_min=-480 temp_f=nan rh_pct=nan
[2026-03-06 21:05:09] I (18903060) esp_clock: Last NTP/Matter compare 0.01 days ago | Current RTC Local = 2026-03-06 21:05:08 PST | RTC->NTP drift = 1.008 sec (RTC behind NTP) | RTC->Matter drift = 1.000 sec (RTC behind Matter)
[2026-03-06 21:10:09] I (19203086) esp_clock: CLOCK_STATUS context=periodic rtc_utc="2026-03-07 05:10:08 UTC" rtc_date_utc=2026-03-07 display_12h=09:10:08(PM) display_24h=21:10:08 sys_utc="2026-03-07 05:10:09 UTC" sys_utc_hms=05:10:09 utc_to_local_apply="-08:00" utc_to_local_offset_min=-480 temp_f=nan rh_pct=nan
[2026-03-06 21:10:09] I (19203100) esp_clock: Last NTP/Matter compare 0.01 days ago | Current RTC Local = 2026-03-06 21:10:08 PST | RTC->NTP drift = 1.008 sec (RTC behind NTP) | RTC->Matter drift = 1.000 sec (RTC behind Matter)
[2026-03-06 21:15:09] I (19503124) esp_clock: CLOCK_STATUS context=periodic rtc_utc="2026-03-07 05:15:08 UTC" rtc_date_utc=2026-03-07 display_12h=09:15:08(PM) display_24h=21:15:08 sys_utc="2026-03-07 05:15:09 UTC" sys_utc_hms=05:15:09 utc_to_local_apply="-08:00" utc_to_local_offset_min=-480 temp_f=nan rh_pct=nan
[2026-03-06 21:15:09] I (19503138) esp_clock: Last NTP/Matter compare 0.02 days ago | Current RTC Local = 2026-03-06 21:15:08 PST | RTC->NTP drift = 1.008 sec (RTC behind NTP) | RTC->Matter drift = 1.000 sec (RTC behind Matter)
[2026-03-06 21:20:09] I (19803161) esp_clock: CLOCK_STATUS context=periodic rtc_utc="2026-03-07 05:20:08 UTC" rtc_date_utc=2026-03-07 display_12h=09:20:08(PM) display_24h=21:20:08 sys_utc="2026-03-07 05:20:09 UTC" sys_utc_hms=05:20:09 utc_to_local_apply="-08:00" utc_to_local_offset_min=-480 temp_f=nan rh_pct=nan
[2026-03-06 21:20:09] I (19803175) esp_clock: Last NTP/Matter compare 0.02 days ago | Current RTC Local = 2026-03-06 21:20:08 PST | RTC->NTP drift = 1.008 sec (RTC behind NTP) | RTC->Matter drift = 1.000 sec (RTC behind Matter)
[2026-03-06 21:25:09] I (20103204) esp_clock: CLOCK_STATUS context=periodic rtc_utc="2026-03-07 05:25:08 UTC" rtc_date_utc=2026-03-07 display_12h=09:25:08(PM) display_24h=21:25:08 sys_utc="2026-03-07 05:25:09 UTC" sys_utc_hms=05:25:09 utc_to_local_apply="-08:00" utc_to_local_offset_min=-480 temp_f=nan rh_pct=nan
[2026-03-06 21:25:09] I (20103218) esp_clock: Last NTP/Matter compare 0.02 days ago | Current RTC Local = 2026-03-06 21:25:08 PST | RTC->NTP drift = 1.008 sec (RTC behind NTP) | RTC->Matter drift = 1.000 sec (RTC behind Matter)
[2026-03-06 21:30:09] I (20403242) esp_clock: CLOCK_STATUS context=periodic rtc_utc="2026-03-07 05:30:08 UTC" rtc_date_utc=2026-03-07 display_12h=09:30:08(PM) display_24h=21:30:08 sys_utc="2026-03-07 05:30:09 UTC" sys_utc_hms=05:30:09 utc_to_local_apply="-08:00" utc_to_local_offset_min=-480 temp_f=nan rh_pct=nan
[2026-03-06 21:30:09] I (20403257) esp_clock: Last NTP/Matter compare 0.03 days ago | Current RTC Local = 2026-03-06 21:30:08 PST | RTC->NTP drift = 1.008 sec (RTC behind NTP) | RTC->Matter drift = 1.000 sec (RTC behind Matter)
[2026-03-06 21:35:09] I (20703286) esp_clock: CLOCK_STATUS context=periodic rtc_utc="2026-03-07 05:35:08 UTC" rtc_date_utc=2026-03-07 display_12h=09:35:08(PM) display_24h=21:35:08 sys_utc="2026-03-07 05:35:09 UTC" sys_utc_hms=05:35:09 utc_to_local_apply="-08:00" utc_to_local_offset_min=-480 temp_f=nan rh_pct=nan
[2026-03-06 21:35:09] I (20703300) esp_clock: Last NTP/Matter compare 0.03 days ago | Current RTC Local = 2026-03-06 21:35:08 PST | RTC->NTP drift = 1.008 sec (RTC behind NTP) | RTC->Matter drift = 1.000 sec (RTC behind Matter)
[2026-03-06 21:40:09] I (21003326) esp_clock: CLOCK_STATUS context=periodic rtc_utc="2026-03-07 05:40:08 UTC" rtc_date_utc=2026-03-07 display_12h=09:40:08(PM) display_24h=21:40:08 sys_utc="2026-03-07 05:40:09 UTC" sys_utc_hms=05:40:09 utc_to_local_apply="-08:00" utc_to_local_offset_min=-480 temp_f=nan rh_pct=nan
[2026-03-06 21:40:09] I (21003340) esp_clock: Last NTP/Matter compare 0.03 days ago | Current RTC Local = 2026-03-06 21:40:08 PST | RTC->NTP drift = 1.008 sec (RTC behind NTP) | RTC->Matter drift = 1.000 sec (RTC behind Matter)
[2026-03-06 21:45:09] I (21303362) esp_clock: CLOCK_STATUS context=periodic rtc_utc="2026-03-07 05:45:08 UTC" rtc_date_utc=2026-03-07 display_12h=09:45:08(PM) display_24h=21:45:08 sys_utc="2026-03-07 05:45:09 UTC" sys_utc_hms=05:45:09 utc_to_local_apply="-08:00" utc_to_local_offset_min=-480 temp_f=nan rh_pct=nan
[2026-03-06 21:45:09] I (21303377) esp_clock: Last NTP/Matter compare 0.04 days ago | Current RTC Local = 2026-03-06 21:45:08 PST | RTC->NTP drift = 1.008 sec (RTC behind NTP) | RTC->Matter drift = 1.000 sec (RTC behind Matter)
[2026-03-06 21:50:09] I (21603396) esp_clock: CLOCK_STATUS context=periodic rtc_utc="2026-03-07 05:50:08 UTC" rtc_date_utc=2026-03-07 display_12h=09:50:08(PM) display_24h=21:50:08 sys_utc="2026-03-07 05:50:09 UTC" sys_utc_hms=05:50:09 utc_to_local_apply="-08:00" utc_to_local_offset_min=-480 temp_f=nan rh_pct=nan
[2026-03-06 21:50:09] I (21603410) esp_clock: Last NTP/Matter compare 0.04 days ago | Current RTC Local = 2026-03-06 21:50:08 PST | RTC->NTP drift = 1.008 sec (RTC behind NTP) | RTC->Matter drift = 1.000 sec (RTC behind Matter)
[2026-03-06 21:51:26] I (21679916) esp_clock: CLOCK_STATUS context=sync-pre rtc_utc="2026-03-07 05:51:25 UTC" rtc_date_utc=2026-03-07 display_12h=09:51:25(PM) display_24h=21:51:25 sys_utc="2026-03-07 05:51:26 UTC" sys_utc_hms=05:51:26 utc_to_local_apply="-08:00" utc_to_local_offset_min=-480 temp_f=nan rh_pct=nan
[2026-03-06 21:51:26] I (21679931) esp_clock: Last NTP/Matter compare 0.04 days ago | Current RTC Local = 2026-03-06 21:51:25 PST | RTC->NTP drift = 1.008 sec (RTC behind NTP) | RTC->Matter drift = 1.000 sec (RTC behind Matter)
[2026-03-06 21:51:26] I (21679949) esp_clock: RTC sync: start mode=compare+sync reason=periodic-hourly
[2026-03-06 21:51:26] I (21679957) esp_clock: RTC sync: starting one-shot fetch server=fd7f:4975:d3c5:4f0a:bc3e:5442:1e1a:1911 port=123 timeout=10000 ms
[2026-03-06 21:51:26] I (21679968) esp_clock: Thread netif already default (ntp-test)
[2026-03-06 21:51:26] I (21680485) esp_clock: RTC sync: fetch success server=fd7f:4975:d3c5:4f0a:bc3e:5442:1e1a:1911 epoch=1772862686.738930 elapsed=511 ms
[2026-03-06 21:51:26] I (21680486) esp_clock: SYNC_METRIC reason=periodic-hourly phase=pre source=fd7f:4975:d3c5:4f0a:bc3e:5442:1e1a:1911 ntp_epoch=1772862686 ntp_usec=738930 sys_epoch=1772862686 sys_usec=739058 rtc_epoch=1772862686 drift_rtc_sec=0.7389 drift_sys_ms=0.128 write_phase_ms=nan
[2026-03-06 21:51:26] I (21680509) esp_clock: RTC sync: RTC is within 1 second variance of NTP
[2026-03-06 21:51:26] I (21680515) esp_clock: RTC sync: RTC drift 0.739 sec <= 2 sec, no write needed (reason=periodic-hourly)
[2026-03-06 21:51:26] I (21680525) esp_clock: SYNC_METRIC reason=periodic-hourly phase=post source=fd7f:4975:d3c5:4f0a:bc3e:5442:1e1a:1911 ntp_epoch=1772862686 ntp_usec=738930 sys_epoch=1772862686 sys_usec=778936 rtc_epoch=1772862686 drift_rtc_sec=0.7789 drift_sys_ms=40.006 write_phase_ms=nan
[2026-03-06 21:51:26] I (21680548) esp_clock: RTC sync: post-sync RTC is within 1 second variance of NTP
[2026-03-06 21:51:26] I (21680555) esp_clock: RTC sync: SUCCESS compare+sync complete (reason=periodic-hourly)
[2026-03-06 21:51:26] I (21680565) esp_clock: CLOCK_STATUS context=sync-post-ok rtc_utc="2026-03-07 05:51:26 UTC" rtc_date_utc=2026-03-07 display_12h=09:51:26(PM) display_24h=21:51:26 sys_utc="2026-03-07 05:51:26 UTC" sys_utc_hms=05:51:26 utc_to_local_apply="-08:00" utc_to_local_offset_min=-480 temp_f=nan rh_pct=nan
[2026-03-06 21:51:26] I (21680590) esp_clock: Last NTP/Matter compare 0.00 days ago | Current RTC Local = 2026-03-06 21:51:26 PST | RTC->NTP drift = 0.779 sec (RTC behind NTP) | RTC->Matter drift = 0.000 sec (RTC behind Matter)
[2026-03-06 21:55:09] I (21903436) esp_clock: CLOCK_STATUS context=periodic rtc_utc="2026-03-07 05:55:08 UTC" rtc_date_utc=2026-03-07 display_12h=09:55:08(PM) display_24h=21:55:08 sys_utc="2026-03-07 05:55:09 UTC" sys_utc_hms=05:55:09 utc_to_local_apply="-08:00" utc_to_local_offset_min=-480 temp_f=nan rh_pct=nan
[2026-03-06 21:55:09] I (21903450) esp_clock: Last NTP/Matter compare 0.00 days ago | Current RTC Local = 2026-03-06 21:55:08 PST | RTC->NTP drift = 0.779 sec (RTC behind NTP) | RTC->Matter drift = 1.000 sec (RTC behind Matter)
[2026-03-06 22:00:09] I (22203477) esp_clock: CLOCK_STATUS context=periodic rtc_utc="2026-03-07 06:00:09 UTC" rtc_date_utc=2026-03-07 display_12h=10:00:09(PM) display_24h=22:00:09 sys_utc="2026-03-07 06:00:09 UTC" sys_utc_hms=06:00:09 utc_to_local_apply="-08:00" utc_to_local_offset_min=-480 temp_f=nan rh_pct=nan
[2026-03-06 22:00:09] I (22203492) esp_clock: Last NTP/Matter compare 0.01 days ago | Current RTC Local = 2026-03-06 22:00:09 PST | RTC->NTP drift = 0.779 sec (RTC behind NTP) | RTC->Matter drift = 0.000 sec (RTC behind Matter)
[2026-03-06 22:05:09] I (22503514) esp_clock: CLOCK_STATUS context=periodic rtc_utc="2026-03-07 06:05:09 UTC" rtc_date_utc=2026-03-07 display_12h=10:05:09(PM) display_24h=22:05:09 sys_utc="2026-03-07 06:05:09 UTC" sys_utc_hms=06:05:09 utc_to_local_apply="-08:00" utc_to_local_offset_min=-480 temp_f=nan rh_pct=nan
[2026-03-06 22:05:09] I (22503528) esp_clock: Last NTP/Matter compare 0.01 days ago | Current RTC Local = 2026-03-06 22:05:09 PST | RTC->NTP drift = 0.779 sec (RTC behind NTP) | RTC->Matter drift = 0.000 sec (RTC behind Matter)
[2026-03-06 22:10:09] I (22803547) esp_clock: CLOCK_STATUS context=periodic rtc_utc="2026-03-07 06:10:09 UTC" rtc_date_utc=2026-03-07 display_12h=10:10:09(PM) display_24h=22:10:09 sys_utc="2026-03-07 06:10:09 UTC" sys_utc_hms=06:10:09 utc_to_local_apply="-08:00" utc_to_local_offset_min=-480 temp_f=nan rh_pct=nan
[2026-03-06 22:10:09] I (22803562) esp_clock: Last NTP/Matter compare 0.01 days ago | Current RTC Local = 2026-03-06 22:10:09 PST | RTC->NTP drift = 0.779 sec (RTC behind NTP) | RTC->Matter drift = 0.000 sec (RTC behind Matter)
[2026-03-06 22:15:09] I (23103586) esp_clock: CLOCK_STATUS context=periodic rtc_utc="2026-03-07 06:15:09 UTC" rtc_date_utc=2026-03-07 display_12h=10:15:09(PM) display_24h=22:15:09 sys_utc="2026-03-07 06:15:09 UTC" sys_utc_hms=06:15:09 utc_to_local_apply="-08:00" utc_to_local_offset_min=-480 temp_f=nan rh_pct=nan
[2026-03-06 22:15:09] I (23103601) esp_clock: Last NTP/Matter compare 0.02 days ago | Current RTC Local = 2026-03-06 22:15:09 PST | RTC->NTP drift = 0.779 sec (RTC behind NTP) | RTC->Matter drift = 0.000 sec (RTC behind Matter)
[2026-03-06 22:20:09] I (23403631) esp_clock: CLOCK_STATUS context=periodic rtc_utc="2026-03-07 06:20:09 UTC" rtc_date_utc=2026-03-07 display_12h=10:20:09(PM) display_24h=22:20:09 sys_utc="2026-03-07 06:20:09 UTC" sys_utc_hms=06:20:09 utc_to_local_apply="-08:00" utc_to_local_offset_min=-480 temp_f=nan rh_pct=nan
[2026-03-06 22:20:10] I (23403645) esp_clock: Last NTP/Matter compare 0.02 days ago | Current RTC Local = 2026-03-06 22:20:09 PST | RTC->NTP drift = 0.779 sec (RTC behind NTP) | RTC->Matter drift = 0.000 sec (RTC behind Matter)
[2026-03-06 22:25:10] I (23703671) esp_clock: CLOCK_STATUS context=periodic rtc_utc="2026-03-07 06:25:09 UTC" rtc_date_utc=2026-03-07 display_12h=10:25:09(PM) display_24h=22:25:09 sys_utc="2026-03-07 06:25:09 UTC" sys_utc_hms=06:25:09 utc_to_local_apply="-08:00" utc_to_local_offset_min=-480 temp_f=nan rh_pct=nan
[2026-03-06 22:25:10] I (23703685) esp_clock: Last NTP/Matter compare 0.02 days ago | Current RTC Local = 2026-03-06 22:25:09 PST | RTC->NTP drift = 0.779 sec (RTC behind NTP) | RTC->Matter drift = 0.000 sec (RTC behind Matter)
[2026-03-06 22:30:10] I (24003707) esp_clock: CLOCK_STATUS context=periodic rtc_utc="2026-03-07 06:30:09 UTC" rtc_date_utc=2026-03-07 display_12h=10:30:09(PM) display_24h=22:30:09 sys_utc="2026-03-07 06:30:09 UTC" sys_utc_hms=06:30:09 utc_to_local_apply="-08:00" utc_to_local_offset_min=-480 temp_f=nan rh_pct=nan
[2026-03-06 22:30:10] I (24003722) esp_clock: Last NTP/Matter compare 0.03 days ago | Current RTC Local = 2026-03-06 22:30:09 PST | RTC->NTP drift = 0.779 sec (RTC behind NTP) | RTC->Matter drift = 0.000 sec (RTC behind Matter)
[2026-03-06 22:35:10] I (24303742) esp_clock: CLOCK_STATUS context=periodic rtc_utc="2026-03-07 06:35:09 UTC" rtc_date_utc=2026-03-07 display_12h=10:35:09(PM) display_24h=22:35:09 sys_utc="2026-03-07 06:35:09 UTC" sys_utc_hms=06:35:09 utc_to_local_apply="-08:00" utc_to_local_offset_min=-480 temp_f=nan rh_pct=nan
[2026-03-06 22:35:10] I (24303757) esp_clock: Last NTP/Matter compare 0.03 days ago | Current RTC Local = 2026-03-06 22:35:09 PST | RTC->NTP drift = 0.779 sec (RTC behind NTP) | RTC->Matter drift = 1.000 sec (RTC behind Matter)
[2026-03-06 22:40:10] I (24603777) esp_clock: CLOCK_STATUS context=periodic rtc_utc="2026-03-07 06:40:09 UTC" rtc_date_utc=2026-03-07 display_12h=10:40:09(PM) display_24h=22:40:09 sys_utc="2026-03-07 06:40:10 UTC" sys_utc_hms=06:40:10 utc_to_local_apply="-08:00" utc_to_local_offset_min=-480 temp_f=nan rh_pct=nan
[2026-03-06 22:40:10] I (24603792) esp_clock: Last NTP/Matter compare 0.03 days ago | Current RTC Local = 2026-03-06 22:40:09 PST | RTC->NTP drift = 0.779 sec (RTC behind NTP) | RTC->Matter drift = 1.000 sec (RTC behind Matter)
[2026-03-06 22:45:10] I (24903817) esp_clock: CLOCK_STATUS context=periodic rtc_utc="2026-03-07 06:45:09 UTC" rtc_date_utc=2026-03-07 display_12h=10:45:09(PM) display_24h=22:45:09 sys_utc="2026-03-07 06:45:10 UTC" sys_utc_hms=06:45:10 utc_to_local_apply="-08:00" utc_to_local_offset_min=-480 temp_f=nan rh_pct=nan
[2026-03-06 22:45:10] I (24903832) esp_clock: Last NTP/Matter compare 0.04 days ago | Current RTC Local = 2026-03-06 22:45:09 PST | RTC->NTP drift = 0.779 sec (RTC behind NTP) | RTC->Matter drift = 1.000 sec (RTC behind Matter)
[2026-03-06 22:50:10] I (25203859) esp_clock: CLOCK_STATUS context=periodic rtc_utc="2026-03-07 06:50:09 UTC" rtc_date_utc=2026-03-07 display_12h=10:50:09(PM) display_24h=22:50:09 sys_utc="2026-03-07 06:50:10 UTC" sys_utc_hms=06:50:10 utc_to_local_apply="-08:00" utc_to_local_offset_min=-480 temp_f=nan rh_pct=nan
[2026-03-06 22:50:10] I (25203873) esp_clock: Last NTP/Matter compare 0.04 days ago | Current RTC Local = 2026-03-06 22:50:09 PST | RTC->NTP drift = 0.779 sec (RTC behind NTP) | RTC->Matter drift = 1.000 sec (RTC behind Matter)
[2026-03-06 22:51:26] I (25280608) esp_clock: CLOCK_STATUS context=sync-pre rtc_utc="2026-03-07 06:51:26 UTC" rtc_date_utc=2026-03-07 display_12h=10:51:26(PM) display_24h=22:51:26 sys_utc="2026-03-07 06:51:26 UTC" sys_utc_hms=06:51:26 utc_to_local_apply="-08:00" utc_to_local_offset_min=-480 temp_f=nan rh_pct=nan
[2026-03-06 22:51:27] I (25280622) esp_clock: Last NTP/Matter compare 0.04 days ago | Current RTC Local = 2026-03-06 22:51:26 PST | RTC->NTP drift = 0.779 sec (RTC behind NTP) | RTC->Matter drift = 0.000 sec (RTC behind Matter)
[2026-03-06 22:51:27] I (25280640) esp_clock: RTC sync: start mode=compare+sync reason=periodic-hourly
[2026-03-06 22:51:27] I (25280648) esp_clock: RTC sync: starting one-shot fetch server=fd7f:4975:d3c5:4f0a:bc3e:5442:1e1a:1911 port=123 timeout=10000 ms
[2026-03-06 22:51:27] I (25280659) esp_clock: Thread netif already default (ntp-test)
[2026-03-06 22:51:30] I (25283760) esp_clock: RTC sync: fetch success server=fd7f:4975:d3c5:4f0a:bc3e:5442:1e1a:1911 epoch=1772866290.098640 elapsed=3096 ms
[2026-03-06 22:51:30] I (25283762) esp_clock: SYNC_METRIC reason=periodic-hourly phase=pre source=fd7f:4975:d3c5:4f0a:bc3e:5442:1e1a:1911 ntp_epoch=1772866290 ntp_usec=98640 sys_epoch=1772866290 sys_usec=98768 rtc_epoch=1772866289 drift_rtc_sec=1.0986 drift_sys_ms=0.128 write_phase_ms=nan
[2026-03-06 22:51:30] I (25283785) esp_clock: RTC sync: RTC is 1.1 seconds behind NTP
[2026-03-06 22:51:30] I (25283790) esp_clock: RTC sync: RTC drift 1.099 sec <= 2 sec, no write needed (reason=periodic-hourly)
[2026-03-06 22:51:30] I (25283800) esp_clock: SYNC_METRIC reason=periodic-hourly phase=post source=fd7f:4975:d3c5:4f0a:bc3e:5442:1e1a:1911 ntp_epoch=1772866290 ntp_usec=98640 sys_epoch=1772866290 sys_usec=137782 rtc_epoch=1772866289 drift_rtc_sec=1.1378 drift_sys_ms=39.142 write_phase_ms=nan
[2026-03-06 22:51:30] I (25283823) esp_clock: RTC sync: post-sync RTC is 1.1 seconds behind NTP
[2026-03-06 22:51:30] I (25283830) esp_clock: RTC sync: SUCCESS compare+sync complete (reason=periodic-hourly)
[2026-03-06 22:51:30] I (25283838) esp_clock: CLOCK_STATUS context=sync-post-ok rtc_utc="2026-03-07 06:51:29 UTC" rtc_date_utc=2026-03-07 display_12h=10:51:29(PM) display_24h=22:51:29 sys_utc="2026-03-07 06:51:30 UTC" sys_utc_hms=06:51:30 utc_to_local_apply="-08:00" utc_to_local_offset_min=-480 temp_f=nan rh_pct=nan
[2026-03-06 22:51:30] I (25283863) esp_clock: Last NTP/Matter compare 0.00 days ago | Current RTC Local = 2026-03-06 22:51:29 PST | RTC->NTP drift = 1.138 sec (RTC behind NTP) | RTC->Matter drift = 1.000 sec (RTC behind Matter)
[2026-03-06 22:55:10] I (25503897) esp_clock: CLOCK_STATUS context=periodic rtc_utc="2026-03-07 06:55:09 UTC" rtc_date_utc=2026-03-07 display_12h=10:55:09(PM) display_24h=22:55:09 sys_utc="2026-03-07 06:55:10 UTC" sys_utc_hms=06:55:10 utc_to_local_apply="-08:00" utc_to_local_offset_min=-480 temp_f=nan rh_pct=nan
[2026-03-06 22:55:10] I (25503912) esp_clock: Last NTP/Matter compare 0.00 days ago | Current RTC Local = 2026-03-06 22:55:09 PST | RTC->NTP drift = 1.138 sec (RTC behind NTP) | RTC->Matter drift = 1.000 sec (RTC behind Matter)
[2026-03-06 23:00:10] I (25803932) esp_clock: CLOCK_STATUS context=periodic rtc_utc="2026-03-07 07:00:09 UTC" rtc_date_utc=2026-03-07 display_12h=11:00:09(PM) display_24h=23:00:09 sys_utc="2026-03-07 07:00:10 UTC" sys_utc_hms=07:00:10 utc_to_local_apply="-08:00" utc_to_local_offset_min=-480 temp_f=nan rh_pct=nan
[2026-03-06 23:00:10] I (25803947) esp_clock: Last NTP/Matter compare 0.01 days ago | Current RTC Local = 2026-03-06 23:00:09 PST | RTC->NTP drift = 1.138 sec (RTC behind NTP) | RTC->Matter drift = 1.000 sec (RTC behind Matter)
[2026-03-06 23:05:10] I (26103972) esp_clock: CLOCK_STATUS context=periodic rtc_utc="2026-03-07 07:05:09 UTC" rtc_date_utc=2026-03-07 display_12h=11:05:09(PM) display_24h=23:05:09 sys_utc="2026-03-07 07:05:10 UTC" sys_utc_hms=07:05:10 utc_to_local_apply="-08:00" utc_to_local_offset_min=-480 temp_f=nan rh_pct=nan
[2026-03-06 23:05:10] I (26103987) esp_clock: Last NTP/Matter compare 0.01 days ago | Current RTC Local = 2026-03-06 23:05:09 PST | RTC->NTP drift = 1.138 sec (RTC behind NTP) | RTC->Matter drift = 1.000 sec (RTC behind Matter)
[2026-03-06 23:10:10] I (26404009) esp_clock: CLOCK_STATUS context=periodic rtc_utc="2026-03-07 07:10:09 UTC" rtc_date_utc=2026-03-07 display_12h=11:10:09(PM) display_24h=23:10:09 sys_utc="2026-03-07 07:10:10 UTC" sys_utc_hms=07:10:10 utc_to_local_apply="-08:00" utc_to_local_offset_min=-480 temp_f=nan rh_pct=nan
[2026-03-06 23:10:10] I (26404023) esp_clock: Last NTP/Matter compare 0.01 days ago | Current RTC Local = 2026-03-06 23:10:09 PST | RTC->NTP drift = 1.138 sec (RTC behind NTP) | RTC->Matter drift = 1.000 sec (RTC behind Matter)
[2026-03-06 23:15:10] I (26704044) esp_clock: CLOCK_STATUS context=periodic rtc_utc="2026-03-07 07:15:09 UTC" rtc_date_utc=2026-03-07 display_12h=11:15:09(PM) display_24h=23:15:09 sys_utc="2026-03-07 07:15:10 UTC" sys_utc_hms=07:15:10 utc_to_local_apply="-08:00" utc_to_local_offset_min=-480 temp_f=nan rh_pct=nan
[2026-03-06 23:15:10] I (26704058) esp_clock: Last NTP/Matter compare 0.02 days ago | Current RTC Local = 2026-03-06 23:15:09 PST | RTC->NTP drift = 1.138 sec (RTC behind NTP) | RTC->Matter drift = 1.000 sec (RTC behind Matter)
[2026-03-06 23:17:29] E (26843157) chip[DMG]: Fail to retrieve data, roll back and encode status on clusterId: 0x0000_0033, attributeId: 0x0000_0003err = 586
[2026-03-06 23:20:10] I (27004082) esp_clock: CLOCK_STATUS context=periodic rtc_utc="2026-03-07 07:20:09 UTC" rtc_date_utc=2026-03-07 display_12h=11:20:09(PM) display_24h=23:20:09 sys_utc="2026-03-07 07:20:10 UTC" sys_utc_hms=07:20:10 utc_to_local_apply="-08:00" utc_to_local_offset_min=-480 temp_f=nan rh_pct=nan
[2026-03-06 23:20:10] I (27004097) esp_clock: Last NTP/Matter compare 0.02 days ago | Current RTC Local = 2026-03-06 23:20:09 PST | RTC->NTP drift = 1.138 sec (RTC behind NTP) | RTC->Matter drift = 1.000 sec (RTC behind Matter)
[2026-03-06 23:25:10] I (27304121) esp_clock: CLOCK_STATUS context=periodic rtc_utc="2026-03-07 07:25:09 UTC" rtc_date_utc=2026-03-07 display_12h=11:25:09(PM) display_24h=23:25:09 sys_utc="2026-03-07 07:25:10 UTC" sys_utc_hms=07:25:10 utc_to_local_apply="-08:00" utc_to_local_offset_min=-480 temp_f=nan rh_pct=nan
[2026-03-06 23:25:10] I (27304135) esp_clock: Last NTP/Matter compare 0.02 days ago | Current RTC Local = 2026-03-06 23:25:09 PST | RTC->NTP drift = 1.138 sec (RTC behind NTP) | RTC->Matter drift = 1.000 sec (RTC behind Matter)
[2026-03-06 23:30:10] I (27604161) esp_clock: CLOCK_STATUS context=periodic rtc_utc="2026-03-07 07:30:09 UTC" rtc_date_utc=2026-03-07 display_12h=11:30:09(PM) display_24h=23:30:09 sys_utc="2026-03-07 07:30:10 UTC" sys_utc_hms=07:30:10 utc_to_local_apply="-08:00" utc_to_local_offset_min=-480 temp_f=nan rh_pct=nan
[2026-03-06 23:30:10] I (27604175) esp_clock: Last NTP/Matter compare 0.03 days ago | Current RTC Local = 2026-03-06 23:30:09 PST | RTC->NTP drift = 1.138 sec (RTC behind NTP) | RTC->Matter drift = 1.000 sec (RTC behind Matter)
[2026-03-06 23:35:10] I (27904196) esp_clock: CLOCK_STATUS context=periodic rtc_utc="2026-03-07 07:35:09 UTC" rtc_date_utc=2026-03-07 display_12h=11:35:09(PM) display_24h=23:35:09 sys_utc="2026-03-07 07:35:10 UTC" sys_utc_hms=07:35:10 utc_to_local_apply="-08:00" utc_to_local_offset_min=-480 temp_f=nan rh_pct=nan
[2026-03-06 23:35:10] I (27904210) esp_clock: Last NTP/Matter compare 0.03 days ago | Current RTC Local = 2026-03-06 23:35:09 PST | RTC->NTP drift = 1.138 sec (RTC behind NTP) | RTC->Matter drift = 1.000 sec (RTC behind Matter)
[2026-03-06 23:40:10] I (28204237) esp_clock: CLOCK_STATUS context=periodic rtc_utc="2026-03-07 07:40:09 UTC" rtc_date_utc=2026-03-07 display_12h=11:40:09(PM) display_24h=23:40:09 sys_utc="2026-03-07 07:40:10 UTC" sys_utc_hms=07:40:10 utc_to_local_apply="-08:00" utc_to_local_offset_min=-480 temp_f=nan rh_pct=nan
[2026-03-06 23:40:10] I (28204252) esp_clock: Last NTP/Matter compare 0.03 days ago | Current RTC Local = 2026-03-06 23:40:09 PST | RTC->NTP drift = 1.138 sec (RTC behind NTP) | RTC->Matter drift = 1.000 sec (RTC behind Matter)
[2026-03-06 23:45:10] I (28504272) esp_clock: CLOCK_STATUS context=periodic rtc_utc="2026-03-07 07:45:09 UTC" rtc_date_utc=2026-03-07 display_12h=11:45:09(PM) display_24h=23:45:09 sys_utc="2026-03-07 07:45:10 UTC" sys_utc_hms=07:45:10 utc_to_local_apply="-08:00" utc_to_local_offset_min=-480 temp_f=nan rh_pct=nan
[2026-03-06 23:45:10] I (28504287) esp_clock: Last NTP/Matter compare 0.04 days ago | Current RTC Local = 2026-03-06 23:45:09 PST | RTC->NTP drift = 1.138 sec (RTC behind NTP) | RTC->Matter drift = 1.000 sec (RTC behind Matter)
[2026-03-06 23:50:10] I (28804316) esp_clock: CLOCK_STATUS context=periodic rtc_utc="2026-03-07 07:50:09 UTC" rtc_date_utc=2026-03-07 display_12h=11:50:09(PM) display_24h=23:50:09 sys_utc="2026-03-07 07:50:10 UTC" sys_utc_hms=07:50:10 utc_to_local_apply="-08:00" utc_to_local_offset_min=-480 temp_f=nan rh_pct=nan
[2026-03-06 23:50:10] I (28804330) esp_clock: Last NTP/Matter compare 0.04 days ago | Current RTC Local = 2026-03-06 23:50:09 PST | RTC->NTP drift = 1.138 sec (RTC behind NTP) | RTC->Matter drift = 1.000 sec (RTC behind Matter)
[2026-03-06 23:51:30] I (28883881) esp_clock: CLOCK_STATUS context=sync-pre rtc_utc="2026-03-07 07:51:29 UTC" rtc_date_utc=2026-03-07 display_12h=11:51:29(PM) display_24h=23:51:29 sys_utc="2026-03-07 07:51:30 UTC" sys_utc_hms=07:51:30 utc_to_local_apply="-08:00" utc_to_local_offset_min=-480 temp_f=nan rh_pct=nan
[2026-03-06 23:51:30] I (28883896) esp_clock: Last NTP/Matter compare 0.04 days ago | Current RTC Local = 2026-03-06 23:51:29 PST | RTC->NTP drift = 1.138 sec (RTC behind NTP) | RTC->Matter drift = 1.000 sec (RTC behind Matter)
[2026-03-06 23:51:30] I (28883914) esp_clock: RTC sync: start mode=compare+sync reason=periodic-hourly
[2026-03-06 23:51:30] I (28883922) esp_clock: RTC sync: starting one-shot fetch server=fd7f:4975:d3c5:4f0a:bc3e:5442:1e1a:1911 port=123 timeout=10000 ms
[2026-03-06 23:51:30] I (28883933) esp_clock: Thread netif already default (ntp-test)
[2026-03-06 23:51:31] I (28885142) esp_clock: RTC sync: fetch success server=fd7f:4975:d3c5:4f0a:bc3e:5442:1e1a:1911 epoch=1772869891.566702 elapsed=1203 ms
[2026-03-06 23:51:31] I (28885144) esp_clock: SYNC_METRIC reason=periodic-hourly phase=pre source=fd7f:4975:d3c5:4f0a:bc3e:5442:1e1a:1911 ntp_epoch=1772869891 ntp_usec=566702 sys_epoch=1772869891 sys_usec=566830 rtc_epoch=1772869890 drift_rtc_sec=1.5667 drift_sys_ms=0.128 write_phase_ms=nan
[2026-03-06 23:51:31] I (28885167) esp_clock: RTC sync: RTC is 1.6 seconds behind NTP
[2026-03-06 23:51:31] I (28885172) esp_clock: RTC sync: RTC drift 1.567 sec <= 2 sec, no write needed (reason=periodic-hourly)
[2026-03-06 23:51:31] I (28885182) esp_clock: SYNC_METRIC reason=periodic-hourly phase=post source=fd7f:4975:d3c5:4f0a:bc3e:5442:1e1a:1911 ntp_epoch=1772869891 ntp_usec=566702 sys_epoch=1772869891 sys_usec=606012 rtc_epoch=1772869890 drift_rtc_sec=1.6060 drift_sys_ms=39.310 write_phase_ms=nan
[2026-03-06 23:51:31] I (28885205) esp_clock: RTC sync: post-sync RTC is 1.6 seconds behind NTP
[2026-03-06 23:51:31] I (28885212) esp_clock: RTC sync: SUCCESS compare+sync complete (reason=periodic-hourly)
[2026-03-06 23:51:31] I (28885220) esp_clock: CLOCK_STATUS context=sync-post-ok rtc_utc="2026-03-07 07:51:30 UTC" rtc_date_utc=2026-03-07 display_12h=11:51:30(PM) display_24h=23:51:30 sys_utc="2026-03-07 07:51:31 UTC" sys_utc_hms=07:51:31 utc_to_local_apply="-08:00" utc_to_local_offset_min=-480 temp_f=nan rh_pct=nan
[2026-03-06 23:51:31] I (28885245) esp_clock: Last NTP/Matter compare 0.00 days ago | Current RTC Local = 2026-03-06 23:51:30 PST | RTC->NTP drift = 1.606 sec (RTC behind NTP) | RTC->Matter drift = 1.000 sec (RTC behind Matter)
[2026-03-06 23:55:10] I (29104356) esp_clock: CLOCK_STATUS context=periodic rtc_utc="2026-03-07 07:55:10 UTC" rtc_date_utc=2026-03-07 display_12h=11:55:10(PM) display_24h=23:55:10 sys_utc="2026-03-07 07:55:10 UTC" sys_utc_hms=07:55:10 utc_to_local_apply="-08:00" utc_to_local_offset_min=-480 temp_f=nan rh_pct=nan
[2026-03-06 23:55:10] I (29104370) esp_clock: Last NTP/Matter compare 0.00 days ago | Current RTC Local = 2026-03-06 23:55:10 PST | RTC->NTP drift = 1.606 sec (RTC behind NTP) | RTC->Matter drift = 0.000 sec (RTC behind Matter)
[2026-03-07 00:00:10] I (29404397) esp_clock: CLOCK_STATUS context=periodic rtc_utc="2026-03-07 08:00:10 UTC" rtc_date_utc=2026-03-07 display_12h=12:00:10(AM) display_24h=00:00:10 sys_utc="2026-03-07 08:00:10 UTC" sys_utc_hms=08:00:10 utc_to_local_apply="-08:00" utc_to_local_offset_min=-480 temp_f=nan rh_pct=nan
[2026-03-07 00:00:10] I (29404412) esp_clock: Last NTP/Matter compare 0.01 days ago | Current RTC Local = 2026-03-07 00:00:10 PST | RTC->NTP drift = 1.606 sec (RTC behind NTP) | RTC->Matter drift = 0.000 sec (RTC behind Matter)
[2026-03-07 00:05:10] I (29704434) esp_clock: CLOCK_STATUS context=periodic rtc_utc="2026-03-07 08:05:10 UTC" rtc_date_utc=2026-03-07 display_12h=12:05:10(AM) display_24h=00:05:10 sys_utc="2026-03-07 08:05:10 UTC" sys_utc_hms=08:05:10 utc_to_local_apply="-08:00" utc_to_local_offset_min=-480 temp_f=nan rh_pct=nan
[2026-03-07 00:05:10] I (29704449) esp_clock: Last NTP/Matter compare 0.01 days ago | Current RTC Local = 2026-03-07 00:05:10 PST | RTC->NTP drift = 1.606 sec (RTC behind NTP) | RTC->Matter drift = 0.000 sec (RTC behind Matter)
[2026-03-07 00:10:10] I (30004471) esp_clock: CLOCK_STATUS context=periodic rtc_utc="2026-03-07 08:10:10 UTC" rtc_date_utc=2026-03-07 display_12h=12:10:10(AM) display_24h=00:10:10 sys_utc="2026-03-07 08:10:10 UTC" sys_utc_hms=08:10:10 utc_to_local_apply="-08:00" utc_to_local_offset_min=-480 temp_f=nan rh_pct=nan
[2026-03-07 00:10:10] I (30004486) esp_clock: Last NTP/Matter compare 0.01 days ago | Current RTC Local = 2026-03-07 00:10:10 PST | RTC->NTP drift = 1.606 sec (RTC behind NTP) | RTC->Matter drift = 0.000 sec (RTC behind Matter)
[2026-03-07 00:15:11] I (30304514) esp_clock: CLOCK_STATUS context=periodic rtc_utc="2026-03-07 08:15:10 UTC" rtc_date_utc=2026-03-07 display_12h=12:15:10(AM) display_24h=00:15:10 sys_utc="2026-03-07 08:15:10 UTC" sys_utc_hms=08:15:10 utc_to_local_apply="-08:00" utc_to_local_offset_min=-480 temp_f=nan rh_pct=nan
[2026-03-07 00:15:11] I (30304528) esp_clock: Last NTP/Matter compare 0.02 days ago | Current RTC Local = 2026-03-07 00:15:10 PST | RTC->NTP drift = 1.606 sec (RTC behind NTP) | RTC->Matter drift = 0.000 sec (RTC behind Matter)
[2026-03-07 00:20:11] I (30604549) esp_clock: CLOCK_STATUS context=periodic rtc_utc="2026-03-07 08:20:10 UTC" rtc_date_utc=2026-03-07 display_12h=12:20:10(AM) display_24h=00:20:10 sys_utc="2026-03-07 08:20:10 UTC" sys_utc_hms=08:20:10 utc_to_local_apply="-08:00" utc_to_local_offset_min=-480 temp_f=nan rh_pct=nan
[2026-03-07 00:20:11] I (30604563) esp_clock: Last NTP/Matter compare 0.02 days ago | Current RTC Local = 2026-03-07 00:20:10 PST | RTC->NTP drift = 1.606 sec (RTC behind NTP) | RTC->Matter drift = 0.000 sec (RTC behind Matter)
[2026-03-07 00:25:11] I (30904586) esp_clock: CLOCK_STATUS context=periodic rtc_utc="2026-03-07 08:25:10 UTC" rtc_date_utc=2026-03-07 display_12h=12:25:10(AM) display_24h=00:25:10 sys_utc="2026-03-07 08:25:11 UTC" sys_utc_hms=08:25:11 utc_to_local_apply="-08:00" utc_to_local_offset_min=-480 temp_f=nan rh_pct=nan
[2026-03-07 00:25:11] I (30904601) esp_clock: Last NTP/Matter compare 0.02 days ago | Current RTC Local = 2026-03-07 00:25:10 PST | RTC->NTP drift = 1.606 sec (RTC behind NTP) | RTC->Matter drift = 1.000 sec (RTC behind Matter)
[2026-03-07 00:30:11] I (31204626) esp_clock: CLOCK_STATUS context=periodic rtc_utc="2026-03-07 08:30:10 UTC" rtc_date_utc=2026-03-07 display_12h=12:30:10(AM) display_24h=00:30:10 sys_utc="2026-03-07 08:30:11 UTC" sys_utc_hms=08:30:11 utc_to_local_apply="-08:00" utc_to_local_offset_min=-480 temp_f=nan rh_pct=nan
[2026-03-07 00:30:11] I (31204641) esp_clock: Last NTP/Matter compare 0.03 days ago | Current RTC Local = 2026-03-07 00:30:10 PST | RTC->NTP drift = 1.606 sec (RTC behind NTP) | RTC->Matter drift = 1.000 sec (RTC behind Matter)
[2026-03-07 00:35:11] I (31504662) esp_clock: CLOCK_STATUS context=periodic rtc_utc="2026-03-07 08:35:10 UTC" rtc_date_utc=2026-03-07 display_12h=12:35:10(AM) display_24h=00:35:10 sys_utc="2026-03-07 08:35:11 UTC" sys_utc_hms=08:35:11 utc_to_local_apply="-08:00" utc_to_local_offset_min=-480 temp_f=nan rh_pct=nan
[2026-03-07 00:35:11] I (31504677) esp_clock: Last NTP/Matter compare 0.03 days ago | Current RTC Local = 2026-03-07 00:35:10 PST | RTC->NTP drift = 1.606 sec (RTC behind NTP) | RTC->Matter drift = 1.000 sec (RTC behind Matter)
[2026-03-07 00:40:11] I (31804703) esp_clock: CLOCK_STATUS context=periodic rtc_utc="2026-03-07 08:40:10 UTC" rtc_date_utc=2026-03-07 display_12h=12:40:10(AM) display_24h=00:40:10 sys_utc="2026-03-07 08:40:11 UTC" sys_utc_hms=08:40:11 utc_to_local_apply="-08:00" utc_to_local_offset_min=-480 temp_f=nan rh_pct=nan
[2026-03-07 00:40:11] I (31804718) esp_clock: Last NTP/Matter compare 0.03 days ago | Current RTC Local = 2026-03-07 00:40:10 PST | RTC->NTP drift = 1.606 sec (RTC behind NTP) | RTC->Matter drift = 1.000 sec (RTC behind Matter)
[2026-03-07 00:45:11] I (32104741) esp_clock: CLOCK_STATUS context=periodic rtc_utc="2026-03-07 08:45:10 UTC" rtc_date_utc=2026-03-07 display_12h=12:45:10(AM) display_24h=00:45:10 sys_utc="2026-03-07 08:45:11 UTC" sys_utc_hms=08:45:11 utc_to_local_apply="-08:00" utc_to_local_offset_min=-480 temp_f=nan rh_pct=nan
[2026-03-07 00:45:11] I (32104755) esp_clock: Last NTP/Matter compare 0.04 days ago | Current RTC Local = 2026-03-07 00:45:10 PST | RTC->NTP drift = 1.606 sec (RTC behind NTP) | RTC->Matter drift = 1.000 sec (RTC behind Matter)
[2026-03-07 00:50:11] I (32404779) esp_clock: CLOCK_STATUS context=periodic rtc_utc="2026-03-07 08:50:10 UTC" rtc_date_utc=2026-03-07 display_12h=12:50:10(AM) display_24h=00:50:10 sys_utc="2026-03-07 08:50:11 UTC" sys_utc_hms=08:50:11 utc_to_local_apply="-08:00" utc_to_local_offset_min=-480 temp_f=nan rh_pct=nan
[2026-03-07 00:50:11] I (32404793) esp_clock: Last NTP/Matter compare 0.04 days ago | Current RTC Local = 2026-03-07 00:50:10 PST | RTC->NTP drift = 1.606 sec (RTC behind NTP) | RTC->Matter drift = 1.000 sec (RTC behind Matter)
[2026-03-07 00:51:31] I (32485263) esp_clock: CLOCK_STATUS context=sync-pre rtc_utc="2026-03-07 08:51:30 UTC" rtc_date_utc=2026-03-07 display_12h=12:51:30(AM) display_24h=00:51:30 sys_utc="2026-03-07 08:51:31 UTC" sys_utc_hms=08:51:31 utc_to_local_apply="-08:00" utc_to_local_offset_min=-480 temp_f=nan rh_pct=nan
[2026-03-07 00:51:31] I (32485278) esp_clock: Last NTP/Matter compare 0.04 days ago | Current RTC Local = 2026-03-07 00:51:30 PST | RTC->NTP drift = 1.606 sec (RTC behind NTP) | RTC->Matter drift = 1.000 sec (RTC behind Matter)
[2026-03-07 00:51:31] I (32485296) esp_clock: RTC sync: start mode=compare+sync reason=periodic-hourly
[2026-03-07 00:51:31] I (32485303) esp_clock: RTC sync: starting one-shot fetch server=fd7f:4975:d3c5:4f0a:bc3e:5442:1e1a:1911 port=123 timeout=10000 ms
[2026-03-07 00:51:31] I (32485314) esp_clock: Thread netif already default (ntp-test)
[2026-03-07 00:51:35] I (32488831) esp_clock: RTC sync: fetch success server=fd7f:4975:d3c5:4f0a:bc3e:5442:1e1a:1911 epoch=1772873495.339380 elapsed=3511 ms
[2026-03-07 00:51:35] I (32488833) esp_clock: SYNC_METRIC reason=periodic-hourly phase=pre source=fd7f:4975:d3c5:4f0a:bc3e:5442:1e1a:1911 ntp_epoch=1772873495 ntp_usec=339380 sys_epoch=1772873495 sys_usec=339506 rtc_epoch=1772873494 drift_rtc_sec=1.3394 drift_sys_ms=0.126 write_phase_ms=nan
[2026-03-07 00:51:35] I (32488856) esp_clock: RTC sync: RTC is 1.3 seconds behind NTP
[2026-03-07 00:51:35] I (32488861) esp_clock: RTC sync: RTC drift 1.339 sec <= 2 sec, no write needed (reason=periodic-hourly)
[2026-03-07 00:51:35] I (32488871) esp_clock: SYNC_METRIC reason=periodic-hourly phase=post source=fd7f:4975:d3c5:4f0a:bc3e:5442:1e1a:1911 ntp_epoch=1772873495 ntp_usec=339380 sys_epoch=1772873495 sys_usec=378686 rtc_epoch=1772873494 drift_rtc_sec=1.3787 drift_sys_ms=39.306 write_phase_ms=nan
[2026-03-07 00:51:35] I (32488894) esp_clock: RTC sync: post-sync RTC is 1.4 seconds behind NTP
[2026-03-07 00:51:35] I (32488901) esp_clock: RTC sync: SUCCESS compare+sync complete (reason=periodic-hourly)
[2026-03-07 00:51:35] I (32488910) esp_clock: CLOCK_STATUS context=sync-post-ok rtc_utc="2026-03-07 08:51:34 UTC" rtc_date_utc=2026-03-07 display_12h=12:51:34(AM) display_24h=00:51:34 sys_utc="2026-03-07 08:51:35 UTC" sys_utc_hms=08:51:35 utc_to_local_apply="-08:00" utc_to_local_offset_min=-480 temp_f=nan rh_pct=nan
[2026-03-07 00:51:35] I (32488935) esp_clock: Last NTP/Matter compare 0.00 days ago | Current RTC Local = 2026-03-07 00:51:34 PST | RTC->NTP drift = 1.379 sec (RTC behind NTP) | RTC->Matter drift = 1.000 sec (RTC behind Matter)
[2026-03-07 00:55:11] I (32704814) esp_clock: CLOCK_STATUS context=periodic rtc_utc="2026-03-07 08:55:10 UTC" rtc_date_utc=2026-03-07 display_12h=12:55:10(AM) display_24h=00:55:10 sys_utc="2026-03-07 08:55:11 UTC" sys_utc_hms=08:55:11 utc_to_local_apply="-08:00" utc_to_local_offset_min=-480 temp_f=nan rh_pct=nan
[2026-03-07 00:55:11] I (32704828) esp_clock: Last NTP/Matter compare 0.00 days ago | Current RTC Local = 2026-03-07 00:55:10 PST | RTC->NTP drift = 1.379 sec (RTC behind NTP) | RTC->Matter drift = 1.000 sec (RTC behind Matter)
[2026-03-07 01:00:11] I (33004851) esp_clock: CLOCK_STATUS context=periodic rtc_utc="2026-03-07 09:00:10 UTC" rtc_date_utc=2026-03-07 display_12h=01:00:10(AM) display_24h=01:00:10 sys_utc="2026-03-07 09:00:11 UTC" sys_utc_hms=09:00:11 utc_to_local_apply="-08:00" utc_to_local_offset_min=-480 temp_f=nan rh_pct=nan
[2026-03-07 01:00:11] I (33004865) esp_clock: Last NTP/Matter compare 0.01 days ago | Current RTC Local = 2026-03-07 01:00:10 PST | RTC->NTP drift = 1.379 sec (RTC behind NTP) | RTC->Matter drift = 1.000 sec (RTC behind Matter)
[2026-03-07 01:05:11] I (33304894) esp_clock: CLOCK_STATUS context=periodic rtc_utc="2026-03-07 09:05:10 UTC" rtc_date_utc=2026-03-07 display_12h=01:05:10(AM) display_24h=01:05:10 sys_utc="2026-03-07 09:05:11 UTC" sys_utc_hms=09:05:11 utc_to_local_apply="-08:00" utc_to_local_offset_min=-480 temp_f=nan rh_pct=nan
[2026-03-07 01:05:11] I (33304908) esp_clock: Last NTP/Matter compare 0.01 days ago | Current RTC Local = 2026-03-07 01:05:10 PST | RTC->NTP drift = 1.379 sec (RTC behind NTP) | RTC->Matter drift = 1.000 sec (RTC behind Matter)
[2026-03-07 01:10:11] I (33604934) esp_clock: CLOCK_STATUS context=periodic rtc_utc="2026-03-07 09:10:10 UTC" rtc_date_utc=2026-03-07 display_12h=01:10:10(AM) display_24h=01:10:10 sys_utc="2026-03-07 09:10:11 UTC" sys_utc_hms=09:10:11 utc_to_local_apply="-08:00" utc_to_local_offset_min=-480 temp_f=nan rh_pct=nan
[2026-03-07 01:10:11] I (33604948) esp_clock: Last NTP/Matter compare 0.01 days ago | Current RTC Local = 2026-03-07 01:10:10 PST | RTC->NTP drift = 1.379 sec (RTC behind NTP) | RTC->Matter drift = 1.000 sec (RTC behind Matter)
[2026-03-07 01:15:11] I (33904972) esp_clock: CLOCK_STATUS context=periodic rtc_utc="2026-03-07 09:15:10 UTC" rtc_date_utc=2026-03-07 display_12h=01:15:10(AM) display_24h=01:15:10 sys_utc="2026-03-07 09:15:11 UTC" sys_utc_hms=09:15:11 utc_to_local_apply="-08:00" utc_to_local_offset_min=-480 temp_f=nan rh_pct=nan
[2026-03-07 01:15:11] I (33904987) esp_clock: Last NTP/Matter compare 0.02 days ago | Current RTC Local = 2026-03-07 01:15:10 PST | RTC->NTP drift = 1.379 sec (RTC behind NTP) | RTC->Matter drift = 1.000 sec (RTC behind Matter)
[2026-03-07 01:20:11] I (34205011) esp_clock: CLOCK_STATUS context=periodic rtc_utc="2026-03-07 09:20:10 UTC" rtc_date_utc=2026-03-07 display_12h=01:20:10(AM) display_24h=01:20:10 sys_utc="2026-03-07 09:20:11 UTC" sys_utc_hms=09:20:11 utc_to_local_apply="-08:00" utc_to_local_offset_min=-480 temp_f=nan rh_pct=nan
[2026-03-07 01:20:11] I (34205025) esp_clock: Last NTP/Matter compare 0.02 days ago | Current RTC Local = 2026-03-07 01:20:10 PST | RTC->NTP drift = 1.379 sec (RTC behind NTP) | RTC->Matter drift = 1.000 sec (RTC behind Matter)
[2026-03-07 01:25:11] I (34505049) esp_clock: CLOCK_STATUS context=periodic rtc_utc="2026-03-07 09:25:10 UTC" rtc_date_utc=2026-03-07 display_12h=01:25:10(AM) display_24h=01:25:10 sys_utc="2026-03-07 09:25:11 UTC" sys_utc_hms=09:25:11 utc_to_local_apply="-08:00" utc_to_local_offset_min=-480 temp_f=nan rh_pct=nan
[2026-03-07 01:25:11] I (34505063) esp_clock: Last NTP/Matter compare 0.02 days ago | Current RTC Local = 2026-03-07 01:25:10 PST | RTC->NTP drift = 1.379 sec (RTC behind NTP) | RTC->Matter drift = 1.000 sec (RTC behind Matter)
[2026-03-07 01:30:11] I (34805087) esp_clock: CLOCK_STATUS context=periodic rtc_utc="2026-03-07 09:30:10 UTC" rtc_date_utc=2026-03-07 display_12h=01:30:10(AM) display_24h=01:30:10 sys_utc="2026-03-07 09:30:11 UTC" sys_utc_hms=09:30:11 utc_to_local_apply="-08:00" utc_to_local_offset_min=-480 temp_f=nan rh_pct=nan
[2026-03-07 01:30:11] I (34805102) esp_clock: Last NTP/Matter compare 0.03 days ago | Current RTC Local = 2026-03-07 01:30:10 PST | RTC->NTP drift = 1.379 sec (RTC behind NTP) | RTC->Matter drift = 1.000 sec (RTC behind Matter)
[2026-03-07 01:35:11] I (35105126) esp_clock: CLOCK_STATUS context=periodic rtc_utc="2026-03-07 09:35:10 UTC" rtc_date_utc=2026-03-07 display_12h=01:35:10(AM) display_24h=01:35:10 sys_utc="2026-03-07 09:35:11 UTC" sys_utc_hms=09:35:11 utc_to_local_apply="-08:00" utc_to_local_offset_min=-480 temp_f=nan rh_pct=nan
[2026-03-07 01:35:11] I (35105140) esp_clock: Last NTP/Matter compare 0.03 days ago | Current RTC Local = 2026-03-07 01:35:10 PST | RTC->NTP drift = 1.379 sec (RTC behind NTP) | RTC->Matter drift = 1.000 sec (RTC behind Matter)
[2026-03-07 01:40:11] I (35405167) esp_clock: CLOCK_STATUS context=periodic rtc_utc="2026-03-07 09:40:10 UTC" rtc_date_utc=2026-03-07 display_12h=01:40:10(AM) display_24h=01:40:10 sys_utc="2026-03-07 09:40:11 UTC" sys_utc_hms=09:40:11 utc_to_local_apply="-08:00" utc_to_local_offset_min=-480 temp_f=nan rh_pct=nan
[2026-03-07 01:40:11] I (35405182) esp_clock: Last NTP/Matter compare 0.03 days ago | Current RTC Local = 2026-03-07 01:40:10 PST | RTC->NTP drift = 1.379 sec (RTC behind NTP) | RTC->Matter drift = 1.000 sec (RTC behind Matter)
[2026-03-07 01:45:11] I (35705207) esp_clock: CLOCK_STATUS context=periodic rtc_utc="2026-03-07 09:45:10 UTC" rtc_date_utc=2026-03-07 display_12h=01:45:10(AM) display_24h=01:45:10 sys_utc="2026-03-07 09:45:11 UTC" sys_utc_hms=09:45:11 utc_to_local_apply="-08:00" utc_to_local_offset_min=-480 temp_f=nan rh_pct=nan
[2026-03-07 01:45:11] I (35705222) esp_clock: Last NTP/Matter compare 0.04 days ago | Current RTC Local = 2026-03-07 01:45:10 PST | RTC->NTP drift = 1.379 sec (RTC behind NTP) | RTC->Matter drift = 1.000 sec (RTC behind Matter)
[2026-03-07 01:50:11] I (36005250) esp_clock: CLOCK_STATUS context=periodic rtc_utc="2026-03-07 09:50:11 UTC" rtc_date_utc=2026-03-07 display_12h=01:50:11(AM) display_24h=01:50:11 sys_utc="2026-03-07 09:50:11 UTC" sys_utc_hms=09:50:11 utc_to_local_apply="-08:00" utc_to_local_offset_min=-480 temp_f=nan rh_pct=nan
[2026-03-07 01:50:11] I (36005264) esp_clock: Last NTP/Matter compare 0.04 days ago | Current RTC Local = 2026-03-07 01:50:11 PST | RTC->NTP drift = 1.379 sec (RTC behind NTP) | RTC->Matter drift = 0.000 sec (RTC behind Matter)
[2026-03-07 01:51:35] I (36088953) esp_clock: CLOCK_STATUS context=sync-pre rtc_utc="2026-03-07 09:51:34 UTC" rtc_date_utc=2026-03-07 display_12h=01:51:34(AM) display_24h=01:51:34 sys_utc="2026-03-07 09:51:35 UTC" sys_utc_hms=09:51:35 utc_to_local_apply="-08:00" utc_to_local_offset_min=-480 temp_f=nan rh_pct=nan
[2026-03-07 01:51:35] I (36088967) esp_clock: Last NTP/Matter compare 0.04 days ago | Current RTC Local = 2026-03-07 01:51:34 PST | RTC->NTP drift = 1.379 sec (RTC behind NTP) | RTC->Matter drift = 1.000 sec (RTC behind Matter)
[2026-03-07 01:51:35] I (36088985) esp_clock: RTC sync: start mode=compare+sync reason=periodic-hourly
[2026-03-07 01:51:35] I (36088993) esp_clock: RTC sync: starting one-shot fetch server=fd7f:4975:d3c5:4f0a:bc3e:5442:1e1a:1911 port=123 timeout=10000 ms
[2026-03-07 01:51:35] I (36089004) esp_clock: Thread netif already default (ntp-test)
[2026-03-07 01:51:36] I (36090000) esp_clock: RTC sync: fetch success server=fd7f:4975:d3c5:4f0a:bc3e:5442:1e1a:1911 epoch=1772877096.583983 elapsed=990 ms
[2026-03-07 01:51:36] I (36090001) esp_clock: SYNC_METRIC reason=periodic-hourly phase=pre source=fd7f:4975:d3c5:4f0a:bc3e:5442:1e1a:1911 ntp_epoch=1772877096 ntp_usec=583983 sys_epoch=1772877096 sys_usec=584111 rtc_epoch=1772877095 drift_rtc_sec=1.5840 drift_sys_ms=0.128 write_phase_ms=nan
[2026-03-07 01:51:36] I (36090024) esp_clock: RTC sync: RTC is 1.6 seconds behind NTP
[2026-03-07 01:51:36] I (36090030) esp_clock: RTC sync: RTC drift 1.584 sec <= 2 sec, no write needed (reason=periodic-hourly)
[2026-03-07 01:51:36] I (36090039) esp_clock: SYNC_METRIC reason=periodic-hourly phase=post source=fd7f:4975:d3c5:4f0a:bc3e:5442:1e1a:1911 ntp_epoch=1772877096 ntp_usec=583983 sys_epoch=1772877096 sys_usec=623206 rtc_epoch=1772877095 drift_rtc_sec=1.6232 drift_sys_ms=39.223 write_phase_ms=nan
[2026-03-07 01:51:36] I (36090062) esp_clock: RTC sync: post-sync RTC is 1.6 seconds behind NTP
[2026-03-07 01:51:36] I (36090069) esp_clock: RTC sync: SUCCESS compare+sync complete (reason=periodic-hourly)
[2026-03-07 01:51:36] I (36090078) esp_clock: CLOCK_STATUS context=sync-post-ok rtc_utc="2026-03-07 09:51:35 UTC" rtc_date_utc=2026-03-07 display_12h=01:51:35(AM) display_24h=01:51:35 sys_utc="2026-03-07 09:51:36 UTC" sys_utc_hms=09:51:36 utc_to_local_apply="-08:00" utc_to_local_offset_min=-480 temp_f=nan rh_pct=nan
[2026-03-07 01:51:36] I (36090103) esp_clock: Last NTP/Matter compare 0.00 days ago | Current RTC Local = 2026-03-07 01:51:35 PST | RTC->NTP drift = 1.623 sec (RTC behind NTP) | RTC->Matter drift = 1.000 sec (RTC behind Matter)
[2026-03-07 01:55:11] I (36305294) esp_clock: CLOCK_STATUS context=periodic rtc_utc="2026-03-07 09:55:11 UTC" rtc_date_utc=2026-03-07 display_12h=01:55:11(AM) display_24h=01:55:11 sys_utc="2026-03-07 09:55:11 UTC" sys_utc_hms=09:55:11 utc_to_local_apply="-08:00" utc_to_local_offset_min=-480 temp_f=nan rh_pct=nan
[2026-03-07 01:55:11] I (36305309) esp_clock: Last NTP/Matter compare 0.00 days ago | Current RTC Local = 2026-03-07 01:55:11 PST | RTC->NTP drift = 1.623 sec (RTC behind NTP) | RTC->Matter drift = 0.000 sec (RTC behind Matter)
[2026-03-07 02:00:11] I (36605337) esp_clock: CLOCK_STATUS context=periodic rtc_utc="2026-03-07 10:00:11 UTC" rtc_date_utc=2026-03-07 display_12h=02:00:11(AM) display_24h=02:00:11 sys_utc="2026-03-07 10:00:11 UTC" sys_utc_hms=10:00:11 utc_to_local_apply="-08:00" utc_to_local_offset_min=-480 temp_f=nan rh_pct=nan
[2026-03-07 02:00:11] I (36605352) esp_clock: Last NTP/Matter compare 0.01 days ago | Current RTC Local = 2026-03-07 02:00:11 PST | RTC->NTP drift = 1.623 sec (RTC behind NTP) | RTC->Matter drift = 0.000 sec (RTC behind Matter)
[2026-03-07 02:05:12] I (36905382) esp_clock: CLOCK_STATUS context=periodic rtc_utc="2026-03-07 10:05:11 UTC" rtc_date_utc=2026-03-07 display_12h=02:05:11(AM) display_24h=02:05:11 sys_utc="2026-03-07 10:05:11 UTC" sys_utc_hms=10:05:11 utc_to_local_apply="-08:00" utc_to_local_offset_min=-480 temp_f=nan rh_pct=nan
[2026-03-07 02:05:12] I (36905397) esp_clock: Last NTP/Matter compare 0.01 days ago | Current RTC Local = 2026-03-07 02:05:11 PST | RTC->NTP drift = 1.623 sec (RTC behind NTP) | RTC->Matter drift = 0.000 sec (RTC behind Matter)
[2026-03-07 02:10:12] I (37205421) esp_clock: CLOCK_STATUS context=periodic rtc_utc="2026-03-07 10:10:11 UTC" rtc_date_utc=2026-03-07 display_12h=02:10:11(AM) display_24h=02:10:11 sys_utc="2026-03-07 10:10:12 UTC" sys_utc_hms=10:10:12 utc_to_local_apply="-08:00" utc_to_local_offset_min=-480 temp_f=nan rh_pct=nan
[2026-03-07 02:10:12] I (37205435) esp_clock: Last NTP/Matter compare 0.01 days ago | Current RTC Local = 2026-03-07 02:10:11 PST | RTC->NTP drift = 1.623 sec (RTC behind NTP) | RTC->Matter drift = 1.000 sec (RTC behind Matter)
[2026-03-07 02:15:12] I (37505461) esp_clock: CLOCK_STATUS context=periodic rtc_utc="2026-03-07 10:15:11 UTC" rtc_date_utc=2026-03-07 display_12h=02:15:11(AM) display_24h=02:15:11 sys_utc="2026-03-07 10:15:12 UTC" sys_utc_hms=10:15:12 utc_to_local_apply="-08:00" utc_to_local_offset_min=-480 temp_f=nan rh_pct=nan
[2026-03-07 02:15:12] I (37505475) esp_clock: Last NTP/Matter compare 0.02 days ago | Current RTC Local = 2026-03-07 02:15:11 PST | RTC->NTP drift = 1.623 sec (RTC behind NTP) | RTC->Matter drift = 1.000 sec (RTC behind Matter)
[2026-03-07 02:20:12] I (37805499) esp_clock: CLOCK_STATUS context=periodic rtc_utc="2026-03-07 10:20:11 UTC" rtc_date_utc=2026-03-07 display_12h=02:20:11(AM) display_24h=02:20:11 sys_utc="2026-03-07 10:20:12 UTC" sys_utc_hms=10:20:12 utc_to_local_apply="-08:00" utc_to_local_offset_min=-480 temp_f=nan rh_pct=nan
[2026-03-07 02:20:12] I (37805513) esp_clock: Last NTP/Matter compare 0.02 days ago | Current RTC Local = 2026-03-07 02:20:11 PST | RTC->NTP drift = 1.623 sec (RTC behind NTP) | RTC->Matter drift = 1.000 sec (RTC behind Matter)
[2026-03-07 02:25:12] I (38105536) esp_clock: CLOCK_STATUS context=periodic rtc_utc="2026-03-07 10:25:11 UTC" rtc_date_utc=2026-03-07 display_12h=02:25:11(AM) display_24h=02:25:11 sys_utc="2026-03-07 10:25:12 UTC" sys_utc_hms=10:25:12 utc_to_local_apply="-08:00" utc_to_local_offset_min=-480 temp_f=nan rh_pct=nan
[2026-03-07 02:25:12] I (38105550) esp_clock: Last NTP/Matter compare 0.02 days ago | Current RTC Local = 2026-03-07 02:25:11 PST | RTC->NTP drift = 1.623 sec (RTC behind NTP) | RTC->Matter drift = 1.000 sec (RTC behind Matter)
[2026-03-07 02:30:12] I (38405574) esp_clock: CLOCK_STATUS context=periodic rtc_utc="2026-03-07 10:30:11 UTC" rtc_date_utc=2026-03-07 display_12h=02:30:11(AM) display_24h=02:30:11 sys_utc="2026-03-07 10:30:12 UTC" sys_utc_hms=10:30:12 utc_to_local_apply="-08:00" utc_to_local_offset_min=-480 temp_f=nan rh_pct=nan
[2026-03-07 02:30:12] I (38405588) esp_clock: Last NTP/Matter compare 0.03 days ago | Current RTC Local = 2026-03-07 02:30:11 PST | RTC->NTP drift = 1.623 sec (RTC behind NTP) | RTC->Matter drift = 1.000 sec (RTC behind Matter)
[2026-03-07 02:35:12] I (38705614) esp_clock: CLOCK_STATUS context=periodic rtc_utc="2026-03-07 10:35:11 UTC" rtc_date_utc=2026-03-07 display_12h=02:35:11(AM) display_24h=02:35:11 sys_utc="2026-03-07 10:35:12 UTC" sys_utc_hms=10:35:12 utc_to_local_apply="-08:00" utc_to_local_offset_min=-480 temp_f=nan rh_pct=nan
[2026-03-07 02:35:12] I (38705628) esp_clock: Last NTP/Matter compare 0.03 days ago | Current RTC Local = 2026-03-07 02:35:11 PST | RTC->NTP drift = 1.623 sec (RTC behind NTP) | RTC->Matter drift = 1.000 sec (RTC behind Matter)
[2026-03-07 02:40:12] I (39005651) esp_clock: CLOCK_STATUS context=periodic rtc_utc="2026-03-07 10:40:11 UTC" rtc_date_utc=2026-03-07 display_12h=02:40:11(AM) display_24h=02:40:11 sys_utc="2026-03-07 10:40:12 UTC" sys_utc_hms=10:40:12 utc_to_local_apply="-08:00" utc_to_local_offset_min=-480 temp_f=nan rh_pct=nan
[2026-03-07 02:40:12] I (39005665) esp_clock: Last NTP/Matter compare 0.03 days ago | Current RTC Local = 2026-03-07 02:40:11 PST | RTC->NTP drift = 1.623 sec (RTC behind NTP) | RTC->Matter drift = 1.000 sec (RTC behind Matter)
[2026-03-07 02:45:12] I (39305691) esp_clock: CLOCK_STATUS context=periodic rtc_utc="2026-03-07 10:45:11 UTC" rtc_date_utc=2026-03-07 display_12h=02:45:11(AM) display_24h=02:45:11 sys_utc="2026-03-07 10:45:12 UTC" sys_utc_hms=10:45:12 utc_to_local_apply="-08:00" utc_to_local_offset_min=-480 temp_f=nan rh_pct=nan
[2026-03-07 02:45:12] I (39305705) esp_clock: Last NTP/Matter compare 0.04 days ago | Current RTC Local = 2026-03-07 02:45:11 PST | RTC->NTP drift = 1.623 sec (RTC behind NTP) | RTC->Matter drift = 1.000 sec (RTC behind Matter)
[2026-03-07 02:50:12] I (39605732) esp_clock: CLOCK_STATUS context=periodic rtc_utc="2026-03-07 10:50:11 UTC" rtc_date_utc=2026-03-07 display_12h=02:50:11(AM) display_24h=02:50:11 sys_utc="2026-03-07 10:50:12 UTC" sys_utc_hms=10:50:12 utc_to_local_apply="-08:00" utc_to_local_offset_min=-480 temp_f=nan rh_pct=nan
[2026-03-07 02:50:12] I (39605747) esp_clock: Last NTP/Matter compare 0.04 days ago | Current RTC Local = 2026-03-07 02:50:11 PST | RTC->NTP drift = 1.623 sec (RTC behind NTP) | RTC->Matter drift = 1.000 sec (RTC behind Matter)
[2026-03-07 02:51:36] I (39690121) esp_clock: CLOCK_STATUS context=sync-pre rtc_utc="2026-03-07 10:51:35 UTC" rtc_date_utc=2026-03-07 display_12h=02:51:35(AM) display_24h=02:51:35 sys_utc="2026-03-07 10:51:36 UTC" sys_utc_hms=10:51:36 utc_to_local_apply="-08:00" utc_to_local_offset_min=-480 temp_f=nan rh_pct=nan
[2026-03-07 02:51:36] I (39690136) esp_clock: Last NTP/Matter compare 0.04 days ago | Current RTC Local = 2026-03-07 02:51:35 PST | RTC->NTP drift = 1.623 sec (RTC behind NTP) | RTC->Matter drift = 1.000 sec (RTC behind Matter)
[2026-03-07 02:51:36] I (39690154) esp_clock: RTC sync: start mode=compare+sync reason=periodic-hourly
[2026-03-07 02:51:36] I (39690162) esp_clock: RTC sync: starting one-shot fetch server=fd7f:4975:d3c5:4f0a:bc3e:5442:1e1a:1911 port=123 timeout=10000 ms
[2026-03-07 02:51:36] I (39690173) esp_clock: Thread netif already default (ntp-test)
[2026-03-07 02:51:38] I (39692168) esp_clock: RTC sync: fetch success server=fd7f:4975:d3c5:4f0a:bc3e:5442:1e1a:1911 epoch=1772880698.841973 elapsed=1989 ms
[2026-03-07 02:51:38] I (39692170) esp_clock: SYNC_METRIC reason=periodic-hourly phase=pre source=fd7f:4975:d3c5:4f0a:bc3e:5442:1e1a:1911 ntp_epoch=1772880698 ntp_usec=841973 sys_epoch=1772880698 sys_usec=842094 rtc_epoch=1772880698 drift_rtc_sec=0.8420 drift_sys_ms=0.121 write_phase_ms=nan
[2026-03-07 02:51:38] I (39692192) esp_clock: RTC sync: RTC is within 1 second variance of NTP
[2026-03-07 02:51:38] I (39692199) esp_clock: RTC sync: RTC drift 0.842 sec <= 2 sec, no write needed (reason=periodic-hourly)
[2026-03-07 02:51:38] I (39692208) esp_clock: SYNC_METRIC reason=periodic-hourly phase=post source=fd7f:4975:d3c5:4f0a:bc3e:5442:1e1a:1911 ntp_epoch=1772880698 ntp_usec=841973 sys_epoch=1772880698 sys_usec=882062 rtc_epoch=1772880698 drift_rtc_sec=0.8821 drift_sys_ms=40.089 write_phase_ms=nan
[2026-03-07 02:51:38] I (39692232) esp_clock: RTC sync: post-sync RTC is within 1 second variance of NTP
[2026-03-07 02:51:38] I (39692239) esp_clock: RTC sync: SUCCESS compare+sync complete (reason=periodic-hourly)
[2026-03-07 02:51:38] I (39692248) esp_clock: CLOCK_STATUS context=sync-post-ok rtc_utc="2026-03-07 10:51:38 UTC" rtc_date_utc=2026-03-07 display_12h=02:51:38(AM) display_24h=02:51:38 sys_utc="2026-03-07 10:51:38 UTC" sys_utc_hms=10:51:38 utc_to_local_apply="-08:00" utc_to_local_offset_min=-480 temp_f=nan rh_pct=nan
[2026-03-07 02:51:38] I (39692273) esp_clock: Last NTP/Matter compare 0.00 days ago | Current RTC Local = 2026-03-07 02:51:38 PST | RTC->NTP drift = 0.882 sec (RTC behind NTP) | RTC->Matter drift = 0.000 sec (RTC behind Matter)
[2026-03-07 02:55:12] I (39905769) esp_clock: CLOCK_STATUS context=periodic rtc_utc="2026-03-07 10:55:11 UTC" rtc_date_utc=2026-03-07 display_12h=02:55:11(AM) display_24h=02:55:11 sys_utc="2026-03-07 10:55:12 UTC" sys_utc_hms=10:55:12 utc_to_local_apply="-08:00" utc_to_local_offset_min=-480 temp_f=nan rh_pct=nan
[2026-03-07 02:55:12] I (39905783) esp_clock: Last NTP/Matter compare 0.00 days ago | Current RTC Local = 2026-03-07 02:55:11 PST | RTC->NTP drift = 0.882 sec (RTC behind NTP) | RTC->Matter drift = 1.000 sec (RTC behind Matter)
[2026-03-07 03:00:12] I (40205804) esp_clock: CLOCK_STATUS context=periodic rtc_utc="2026-03-07 11:00:11 UTC" rtc_date_utc=2026-03-07 display_12h=03:00:11(AM) display_24h=03:00:11 sys_utc="2026-03-07 11:00:12 UTC" sys_utc_hms=11:00:12 utc_to_local_apply="-08:00" utc_to_local_offset_min=-480 temp_f=nan rh_pct=nan
[2026-03-07 03:00:12] I (40205818) esp_clock: Last NTP/Matter compare 0.01 days ago | Current RTC Local = 2026-03-07 03:00:11 PST | RTC->NTP drift = 0.882 sec (RTC behind NTP) | RTC->Matter drift = 1.000 sec (RTC behind Matter)
[2026-03-07 03:05:12] I (40505844) esp_clock: CLOCK_STATUS context=periodic rtc_utc="2026-03-07 11:05:11 UTC" rtc_date_utc=2026-03-07 display_12h=03:05:11(AM) display_24h=03:05:11 sys_utc="2026-03-07 11:05:12 UTC" sys_utc_hms=11:05:12 utc_to_local_apply="-08:00" utc_to_local_offset_min=-480 temp_f=nan rh_pct=nan
[2026-03-07 03:05:12] I (40505858) esp_clock: Last NTP/Matter compare 0.01 days ago | Current RTC Local = 2026-03-07 03:05:11 PST | RTC->NTP drift = 0.882 sec (RTC behind NTP) | RTC->Matter drift = 1.000 sec (RTC behind Matter)
[2026-03-07 03:10:12] I (40805887) esp_clock: CLOCK_STATUS context=periodic rtc_utc="2026-03-07 11:10:11 UTC" rtc_date_utc=2026-03-07 display_12h=03:10:11(AM) display_24h=03:10:11 sys_utc="2026-03-07 11:10:12 UTC" sys_utc_hms=11:10:12 utc_to_local_apply="-08:00" utc_to_local_offset_min=-480 temp_f=nan rh_pct=nan
[2026-03-07 03:10:12] I (40805902) esp_clock: Last NTP/Matter compare 0.01 days ago | Current RTC Local = 2026-03-07 03:10:11 PST | RTC->NTP drift = 0.882 sec (RTC behind NTP) | RTC->Matter drift = 1.000 sec (RTC behind Matter)
[2026-03-07 03:15:12] I (41105929) esp_clock: CLOCK_STATUS context=periodic rtc_utc="2026-03-07 11:15:11 UTC" rtc_date_utc=2026-03-07 display_12h=03:15:11(AM) display_24h=03:15:11 sys_utc="2026-03-07 11:15:12 UTC" sys_utc_hms=11:15:12 utc_to_local_apply="-08:00" utc_to_local_offset_min=-480 temp_f=nan rh_pct=nan
[2026-03-07 03:15:12] I (41105943) esp_clock: Last NTP/Matter compare 0.02 days ago | Current RTC Local = 2026-03-07 03:15:11 PST | RTC->NTP drift = 0.882 sec (RTC behind NTP) | RTC->Matter drift = 1.000 sec (RTC behind Matter)
[2026-03-07 03:20:12] I (41405971) esp_clock: CLOCK_STATUS context=periodic rtc_utc="2026-03-07 11:20:11 UTC" rtc_date_utc=2026-03-07 display_12h=03:20:11(AM) display_24h=03:20:11 sys_utc="2026-03-07 11:20:12 UTC" sys_utc_hms=11:20:12 utc_to_local_apply="-08:00" utc_to_local_offset_min=-480 temp_f=nan rh_pct=nan
[2026-03-07 03:20:12] I (41405985) esp_clock: Last NTP/Matter compare 0.02 days ago | Current RTC Local = 2026-03-07 03:20:11 PST | RTC->NTP drift = 0.882 sec (RTC behind NTP) | RTC->Matter drift = 1.000 sec (RTC behind Matter)
[2026-03-07 03:25:12] I (41706007) esp_clock: CLOCK_STATUS context=periodic rtc_utc="2026-03-07 11:25:11 UTC" rtc_date_utc=2026-03-07 display_12h=03:25:11(AM) display_24h=03:25:11 sys_utc="2026-03-07 11:25:12 UTC" sys_utc_hms=11:25:12 utc_to_local_apply="-08:00" utc_to_local_offset_min=-480 temp_f=nan rh_pct=nan
[2026-03-07 03:25:12] I (41706022) esp_clock: Last NTP/Matter compare 0.02 days ago | Current RTC Local = 2026-03-07 03:25:11 PST | RTC->NTP drift = 0.882 sec (RTC behind NTP) | RTC->Matter drift = 1.000 sec (RTC behind Matter)
[2026-03-07 03:30:12] I (42006049) esp_clock: CLOCK_STATUS context=periodic rtc_utc="2026-03-07 11:30:11 UTC" rtc_date_utc=2026-03-07 display_12h=03:30:11(AM) display_24h=03:30:11 sys_utc="2026-03-07 11:30:12 UTC" sys_utc_hms=11:30:12 utc_to_local_apply="-08:00" utc_to_local_offset_min=-480 temp_f=nan rh_pct=nan
[2026-03-07 03:30:12] I (42006064) esp_clock: Last NTP/Matter compare 0.03 days ago | Current RTC Local = 2026-03-07 03:30:11 PST | RTC->NTP drift = 0.882 sec (RTC behind NTP) | RTC->Matter drift = 1.000 sec (RTC behind Matter)
[2026-03-07 03:34:19] E (42252659) chip[DMG]: Fail to retrieve data, roll back and encode status on clusterId: 0x0000_0033, attributeId: 0x0000_0003err = 586
[2026-03-07 03:35:12] I (42306092) esp_clock: CLOCK_STATUS context=periodic rtc_utc="2026-03-07 11:35:11 UTC" rtc_date_utc=2026-03-07 display_12h=03:35:11(AM) display_24h=03:35:11 sys_utc="2026-03-07 11:35:12 UTC" sys_utc_hms=11:35:12 utc_to_local_apply="-08:00" utc_to_local_offset_min=-480 temp_f=nan rh_pct=nan
[2026-03-07 03:35:12] I (42306107) esp_clock: Last NTP/Matter compare 0.03 days ago | Current RTC Local = 2026-03-07 03:35:11 PST | RTC->NTP drift = 0.882 sec (RTC behind NTP) | RTC->Matter drift = 1.000 sec (RTC behind Matter)
[2026-03-07 03:40:12] I (42606129) esp_clock: CLOCK_STATUS context=periodic rtc_utc="2026-03-07 11:40:12 UTC" rtc_date_utc=2026-03-07 display_12h=03:40:12(AM) display_24h=03:40:12 sys_utc="2026-03-07 11:40:12 UTC" sys_utc_hms=11:40:12 utc_to_local_apply="-08:00" utc_to_local_offset_min=-480 temp_f=nan rh_pct=nan
[2026-03-07 03:40:12] I (42606143) esp_clock: Last NTP/Matter compare 0.03 days ago | Current RTC Local = 2026-03-07 03:40:12 PST | RTC->NTP drift = 0.882 sec (RTC behind NTP) | RTC->Matter drift = 0.000 sec (RTC behind Matter)
[2026-03-07 03:45:12] I (42906168) esp_clock: CLOCK_STATUS context=periodic rtc_utc="2026-03-07 11:45:12 UTC" rtc_date_utc=2026-03-07 display_12h=03:45:12(AM) display_24h=03:45:12 sys_utc="2026-03-07 11:45:12 UTC" sys_utc_hms=11:45:12 utc_to_local_apply="-08:00" utc_to_local_offset_min=-480 temp_f=nan rh_pct=nan
[2026-03-07 03:45:12] I (42906183) esp_clock: Last NTP/Matter compare 0.04 days ago | Current RTC Local = 2026-03-07 03:45:12 PST | RTC->NTP drift = 0.882 sec (RTC behind NTP) | RTC->Matter drift = 0.000 sec (RTC behind Matter)
[2026-03-07 03:50:12] I (43206211) esp_clock: CLOCK_STATUS context=periodic rtc_utc="2026-03-07 11:50:12 UTC" rtc_date_utc=2026-03-07 display_12h=03:50:12(AM) display_24h=03:50:12 sys_utc="2026-03-07 11:50:12 UTC" sys_utc_hms=11:50:12 utc_to_local_apply="-08:00" utc_to_local_offset_min=-480 temp_f=nan rh_pct=nan
[2026-03-07 03:50:13] I (43206225) esp_clock: Last NTP/Matter compare 0.04 days ago | Current RTC Local = 2026-03-07 03:50:12 PST | RTC->NTP drift = 0.882 sec (RTC behind NTP) | RTC->Matter drift = 0.000 sec (RTC behind Matter)
[2026-03-07 03:51:39] I (43292291) esp_clock: CLOCK_STATUS context=sync-pre rtc_utc="2026-03-07 11:51:38 UTC" rtc_date_utc=2026-03-07 display_12h=03:51:38(AM) display_24h=03:51:38 sys_utc="2026-03-07 11:51:38 UTC" sys_utc_hms=11:51:38 utc_to_local_apply="-08:00" utc_to_local_offset_min=-480 temp_f=nan rh_pct=nan
[2026-03-07 03:51:39] I (43292306) esp_clock: Last NTP/Matter compare 0.04 days ago | Current RTC Local = 2026-03-07 03:51:38 PST | RTC->NTP drift = 0.882 sec (RTC behind NTP) | RTC->Matter drift = 0.000 sec (RTC behind Matter)
[2026-03-07 03:51:39] I (43292324) esp_clock: RTC sync: start mode=compare+sync reason=periodic-hourly
[2026-03-07 03:51:39] I (43292332) esp_clock: RTC sync: starting one-shot fetch server=fd7f:4975:d3c5:4f0a:bc3e:5442:1e1a:1911 port=123 timeout=10000 ms
[2026-03-07 03:51:39] I (43292343) esp_clock: Thread netif already default (ntp-test)
[2026-03-07 03:51:43] I (43297057) esp_clock: RTC sync: fetch success server=fd7f:4975:d3c5:4f0a:bc3e:5442:1e1a:1911 epoch=1772884303.817170 elapsed=4708 ms
[2026-03-07 03:51:43] I (43297058) esp_clock: SYNC_METRIC reason=periodic-hourly phase=pre source=fd7f:4975:d3c5:4f0a:bc3e:5442:1e1a:1911 ntp_epoch=1772884303 ntp_usec=817170 sys_epoch=1772884303 sys_usec=817701 rtc_epoch=1772884302 drift_rtc_sec=1.8172 drift_sys_ms=0.531 write_phase_ms=nan
[2026-03-07 03:51:43] I (43297081) esp_clock: RTC sync: RTC is 1.8 seconds behind NTP
[2026-03-07 03:51:43] I (43297087) esp_clock: RTC sync: RTC drift 1.817 sec <= 2 sec, no write needed (reason=periodic-hourly)
[2026-03-07 03:51:43] I (43297097) esp_clock: SYNC_METRIC reason=periodic-hourly phase=post source=fd7f:4975:d3c5:4f0a:bc3e:5442:1e1a:1911 ntp_epoch=1772884303 ntp_usec=817170 sys_epoch=1772884303 sys_usec=856880 rtc_epoch=1772884303 drift_rtc_sec=0.8569 drift_sys_ms=39.710 write_phase_ms=nan
[2026-03-07 03:51:43] I (43297120) esp_clock: RTC sync: post-sync RTC is within 1 second variance of NTP
[2026-03-07 03:51:43] I (43297127) esp_clock: RTC sync: SUCCESS compare+sync complete (reason=periodic-hourly)
[2026-03-07 03:51:43] I (43297136) esp_clock: CLOCK_STATUS context=sync-post-ok rtc_utc="2026-03-07 11:51:43 UTC" rtc_date_utc=2026-03-07 display_12h=03:51:43(AM) display_24h=03:51:43 sys_utc="2026-03-07 11:51:43 UTC" sys_utc_hms=11:51:43 utc_to_local_apply="-08:00" utc_to_local_offset_min=-480 temp_f=nan rh_pct=nan
[2026-03-07 03:51:43] I (43297161) esp_clock: Last NTP/Matter compare 0.00 days ago | Current RTC Local = 2026-03-07 03:51:43 PST | RTC->NTP drift = 0.857 sec (RTC behind NTP) | RTC->Matter drift = 0.000 sec (RTC behind Matter)
[2026-03-07 03:55:13] I (43506250) esp_clock: CLOCK_STATUS context=periodic rtc_utc="2026-03-07 11:55:12 UTC" rtc_date_utc=2026-03-07 display_12h=03:55:12(AM) display_24h=03:55:12 sys_utc="2026-03-07 11:55:13 UTC" sys_utc_hms=11:55:13 utc_to_local_apply="-08:00" utc_to_local_offset_min=-480 temp_f=nan rh_pct=nan
[2026-03-07 03:55:13] I (43506265) esp_clock: Last NTP/Matter compare 0.00 days ago | Current RTC Local = 2026-03-07 03:55:12 PST | RTC->NTP drift = 0.857 sec (RTC behind NTP) | RTC->Matter drift = 1.000 sec (RTC behind Matter)
[2026-03-07 04:00:13] I (43806291) esp_clock: CLOCK_STATUS context=periodic rtc_utc="2026-03-07 12:00:12 UTC" rtc_date_utc=2026-03-07 display_12h=04:00:12(AM) display_24h=04:00:12 sys_utc="2026-03-07 12:00:13 UTC" sys_utc_hms=12:00:13 utc_to_local_apply="-08:00" utc_to_local_offset_min=-480 temp_f=nan rh_pct=nan
[2026-03-07 04:00:13] I (43806305) esp_clock: Last NTP/Matter compare 0.01 days ago | Current RTC Local = 2026-03-07 04:00:12 PST | RTC->NTP drift = 0.857 sec (RTC behind NTP) | RTC->Matter drift = 1.000 sec (RTC behind Matter)
[2026-03-07 04:05:13] I (44106324) esp_clock: CLOCK_STATUS context=periodic rtc_utc="2026-03-07 12:05:12 UTC" rtc_date_utc=2026-03-07 display_12h=04:05:12(AM) display_24h=04:05:12 sys_utc="2026-03-07 12:05:13 UTC" sys_utc_hms=12:05:13 utc_to_local_apply="-08:00" utc_to_local_offset_min=-480 temp_f=nan rh_pct=nan
[2026-03-07 04:05:13] I (44106338) esp_clock: Last NTP/Matter compare 0.01 days ago | Current RTC Local = 2026-03-07 04:05:12 PST | RTC->NTP drift = 0.857 sec (RTC behind NTP) | RTC->Matter drift = 1.000 sec (RTC behind Matter)
[2026-03-07 04:10:13] I (44406364) esp_clock: CLOCK_STATUS context=periodic rtc_utc="2026-03-07 12:10:12 UTC" rtc_date_utc=2026-03-07 display_12h=04:10:12(AM) display_24h=04:10:12 sys_utc="2026-03-07 12:10:13 UTC" sys_utc_hms=12:10:13 utc_to_local_apply="-08:00" utc_to_local_offset_min=-480 temp_f=nan rh_pct=nan
[2026-03-07 04:10:13] I (44406378) esp_clock: Last NTP/Matter compare 0.01 days ago | Current RTC Local = 2026-03-07 04:10:12 PST | RTC->NTP drift = 0.857 sec (RTC behind NTP) | RTC->Matter drift = 1.000 sec (RTC behind Matter)
[2026-03-07 04:15:13] I (44706406) esp_clock: CLOCK_STATUS context=periodic rtc_utc="2026-03-07 12:15:12 UTC" rtc_date_utc=2026-03-07 display_12h=04:15:12(AM) display_24h=04:15:12 sys_utc="2026-03-07 12:15:13 UTC" sys_utc_hms=12:15:13 utc_to_local_apply="-08:00" utc_to_local_offset_min=-480 temp_f=nan rh_pct=nan
[2026-03-07 04:15:13] I (44706420) esp_clock: Last NTP/Matter compare 0.02 days ago | Current RTC Local = 2026-03-07 04:15:12 PST | RTC->NTP drift = 0.857 sec (RTC behind NTP) | RTC->Matter drift = 1.000 sec (RTC behind Matter)
[2026-03-07 04:20:13] I (45006441) esp_clock: CLOCK_STATUS context=periodic rtc_utc="2026-03-07 12:20:12 UTC" rtc_date_utc=2026-03-07 display_12h=04:20:12(AM) display_24h=04:20:12 sys_utc="2026-03-07 12:20:13 UTC" sys_utc_hms=12:20:13 utc_to_local_apply="-08:00" utc_to_local_offset_min=-480 temp_f=nan rh_pct=nan
[2026-03-07 04:20:13] I (45006455) esp_clock: Last NTP/Matter compare 0.02 days ago | Current RTC Local = 2026-03-07 04:20:12 PST | RTC->NTP drift = 0.857 sec (RTC behind NTP) | RTC->Matter drift = 1.000 sec (RTC behind Matter)
[2026-03-07 04:25:13] I (45306479) esp_clock: CLOCK_STATUS context=periodic rtc_utc="2026-03-07 12:25:12 UTC" rtc_date_utc=2026-03-07 display_12h=04:25:12(AM) display_24h=04:25:12 sys_utc="2026-03-07 12:25:13 UTC" sys_utc_hms=12:25:13 utc_to_local_apply="-08:00" utc_to_local_offset_min=-480 temp_f=nan rh_pct=nan
[2026-03-07 04:25:13] I (45306493) esp_clock: Last NTP/Matter compare 0.02 days ago | Current RTC Local = 2026-03-07 04:25:12 PST | RTC->NTP drift = 0.857 sec (RTC behind NTP) | RTC->Matter drift = 1.000 sec (RTC behind Matter)
[2026-03-07 04:30:13] I (45606525) esp_clock: CLOCK_STATUS context=periodic rtc_utc="2026-03-07 12:30:12 UTC" rtc_date_utc=2026-03-07 display_12h=04:30:12(AM) display_24h=04:30:12 sys_utc="2026-03-07 12:30:13 UTC" sys_utc_hms=12:30:13 utc_to_local_apply="-08:00" utc_to_local_offset_min=-480 temp_f=nan rh_pct=nan
[2026-03-07 04:30:13] I (45606540) esp_clock: Last NTP/Matter compare 0.03 days ago | Current RTC Local = 2026-03-07 04:30:12 PST | RTC->NTP drift = 0.857 sec (RTC behind NTP) | RTC->Matter drift = 1.000 sec (RTC behind Matter)
[2026-03-07 04:35:13] I (45906566) esp_clock: CLOCK_STATUS context=periodic rtc_utc="2026-03-07 12:35:12 UTC" rtc_date_utc=2026-03-07 display_12h=04:35:12(AM) display_24h=04:35:12 sys_utc="2026-03-07 12:35:13 UTC" sys_utc_hms=12:35:13 utc_to_local_apply="-08:00" utc_to_local_offset_min=-480 temp_f=nan rh_pct=nan
[2026-03-07 04:35:13] I (45906580) esp_clock: Last NTP/Matter compare 0.03 days ago | Current RTC Local = 2026-03-07 04:35:12 PST | RTC->NTP drift = 0.857 sec (RTC behind NTP) | RTC->Matter drift = 1.000 sec (RTC behind Matter)
[2026-03-07 04:40:13] I (46206615) esp_clock: CLOCK_STATUS context=periodic rtc_utc="2026-03-07 12:40:12 UTC" rtc_date_utc=2026-03-07 display_12h=04:40:12(AM) display_24h=04:40:12 sys_utc="2026-03-07 12:40:13 UTC" sys_utc_hms=12:40:13 utc_to_local_apply="-08:00" utc_to_local_offset_min=-480 temp_f=nan rh_pct=nan
[2026-03-07 04:40:13] I (46206630) esp_clock: Last NTP/Matter compare 0.03 days ago | Current RTC Local = 2026-03-07 04:40:12 PST | RTC->NTP drift = 0.857 sec (RTC behind NTP) | RTC->Matter drift = 1.000 sec (RTC behind Matter)
[2026-03-07 04:45:13] I (46506652) esp_clock: CLOCK_STATUS context=periodic rtc_utc="2026-03-07 12:45:12 UTC" rtc_date_utc=2026-03-07 display_12h=04:45:12(AM) display_24h=04:45:12 sys_utc="2026-03-07 12:45:13 UTC" sys_utc_hms=12:45:13 utc_to_local_apply="-08:00" utc_to_local_offset_min=-480 temp_f=nan rh_pct=nan
[2026-03-07 04:45:13] I (46506667) esp_clock: Last NTP/Matter compare 0.04 days ago | Current RTC Local = 2026-03-07 04:45:12 PST | RTC->NTP drift = 0.857 sec (RTC behind NTP) | RTC->Matter drift = 1.000 sec (RTC behind Matter)
[2026-03-07 04:50:13] I (46806692) esp_clock: CLOCK_STATUS context=periodic rtc_utc="2026-03-07 12:50:12 UTC" rtc_date_utc=2026-03-07 display_12h=04:50:12(AM) display_24h=04:50:12 sys_utc="2026-03-07 12:50:13 UTC" sys_utc_hms=12:50:13 utc_to_local_apply="-08:00" utc_to_local_offset_min=-480 temp_f=nan rh_pct=nan
[2026-03-07 04:50:13] I (46806707) esp_clock: Last NTP/Matter compare 0.04 days ago | Current RTC Local = 2026-03-07 04:50:12 PST | RTC->NTP drift = 0.857 sec (RTC behind NTP) | RTC->Matter drift = 1.000 sec (RTC behind Matter)
[2026-03-07 04:51:44] I (46897180) esp_clock: CLOCK_STATUS context=sync-pre rtc_utc="2026-03-07 12:51:43 UTC" rtc_date_utc=2026-03-07 display_12h=04:51:43(AM) display_24h=04:51:43 sys_utc="2026-03-07 12:51:43 UTC" sys_utc_hms=12:51:43 utc_to_local_apply="-08:00" utc_to_local_offset_min=-480 temp_f=nan rh_pct=nan
[2026-03-07 04:51:44] I (46897195) esp_clock: Last NTP/Matter compare 0.04 days ago | Current RTC Local = 2026-03-07 04:51:43 PST | RTC->NTP drift = 0.857 sec (RTC behind NTP) | RTC->Matter drift = 0.000 sec (RTC behind Matter)
[2026-03-07 04:51:44] I (46897212) esp_clock: RTC sync: start mode=compare+sync reason=periodic-hourly
[2026-03-07 04:51:44] I (46897220) esp_clock: RTC sync: starting one-shot fetch server=fd7f:4975:d3c5:4f0a:bc3e:5442:1e1a:1911 port=123 timeout=10000 ms
[2026-03-07 04:51:44] I (46897231) esp_clock: Thread netif already default (ntp-test)
[2026-03-07 04:51:46] I (46899198) esp_clock: RTC sync: fetch success server=fd7f:4975:d3c5:4f0a:bc3e:5442:1e1a:1911 epoch=1772887906.041571 elapsed=1961 ms
[2026-03-07 04:51:46] I (46899200) esp_clock: SYNC_METRIC reason=periodic-hourly phase=pre source=fd7f:4975:d3c5:4f0a:bc3e:5442:1e1a:1911 ntp_epoch=1772887906 ntp_usec=41571 sys_epoch=1772887906 sys_usec=41699 rtc_epoch=1772887905 drift_rtc_sec=1.0416 drift_sys_ms=0.128 write_phase_ms=nan
[2026-03-07 04:51:46] I (46899222) esp_clock: RTC sync: RTC is 1.0 seconds behind NTP
[2026-03-07 04:51:46] I (46899228) esp_clock: RTC sync: RTC drift 1.042 sec <= 2 sec, no write needed (reason=periodic-hourly)
[2026-03-07 04:51:46] I (46899238) esp_clock: SYNC_METRIC reason=periodic-hourly phase=post source=fd7f:4975:d3c5:4f0a:bc3e:5442:1e1a:1911 ntp_epoch=1772887906 ntp_usec=41571 sys_epoch=1772887906 sys_usec=80707 rtc_epoch=1772887905 drift_rtc_sec=1.0807 drift_sys_ms=39.136 write_phase_ms=nan
[2026-03-07 04:51:46] I (46899261) esp_clock: RTC sync: post-sync RTC is 1.1 seconds behind NTP
[2026-03-07 04:51:46] I (46899267) esp_clock: RTC sync: SUCCESS compare+sync complete (reason=periodic-hourly)
[2026-03-07 04:51:46] I (46899276) esp_clock: CLOCK_STATUS context=sync-post-ok rtc_utc="2026-03-07 12:51:45 UTC" rtc_date_utc=2026-03-07 display_12h=04:51:45(AM) display_24h=04:51:45 sys_utc="2026-03-07 12:51:46 UTC" sys_utc_hms=12:51:46 utc_to_local_apply="-08:00" utc_to_local_offset_min=-480 temp_f=nan rh_pct=nan
[2026-03-07 04:51:46] I (46899301) esp_clock: Last NTP/Matter compare 0.00 days ago | Current RTC Local = 2026-03-07 04:51:45 PST | RTC->NTP drift = 1.081 sec (RTC behind NTP) | RTC->Matter drift = 1.000 sec (RTC behind Matter)
[2026-03-07 04:55:13] I (47106731) esp_clock: CLOCK_STATUS context=periodic rtc_utc="2026-03-07 12:55:12 UTC" rtc_date_utc=2026-03-07 display_12h=04:55:12(AM) display_24h=04:55:12 sys_utc="2026-03-07 12:55:13 UTC" sys_utc_hms=12:55:13 utc_to_local_apply="-08:00" utc_to_local_offset_min=-480 temp_f=nan rh_pct=nan
[2026-03-07 04:55:13] I (47106745) esp_clock: Last NTP/Matter compare 0.00 days ago | Current RTC Local = 2026-03-07 04:55:12 PST | RTC->NTP drift = 1.081 sec (RTC behind NTP) | RTC->Matter drift = 1.000 sec (RTC behind Matter)
[2026-03-07 05:00:13] I (47406770) esp_clock: CLOCK_STATUS context=periodic rtc_utc="2026-03-07 13:00:12 UTC" rtc_date_utc=2026-03-07 display_12h=05:00:12(AM) display_24h=05:00:12 sys_utc="2026-03-07 13:00:13 UTC" sys_utc_hms=13:00:13 utc_to_local_apply="-08:00" utc_to_local_offset_min=-480 temp_f=nan rh_pct=nan
[2026-03-07 05:00:13] I (47406785) esp_clock: Last NTP/Matter compare 0.01 days ago | Current RTC Local = 2026-03-07 05:00:12 PST | RTC->NTP drift = 1.081 sec (RTC behind NTP) | RTC->Matter drift = 1.000 sec (RTC behind Matter)
[2026-03-07 05:05:13] I (47706807) esp_clock: CLOCK_STATUS context=periodic rtc_utc="2026-03-07 13:05:12 UTC" rtc_date_utc=2026-03-07 display_12h=05:05:12(AM) display_24h=05:05:12 sys_utc="2026-03-07 13:05:13 UTC" sys_utc_hms=13:05:13 utc_to_local_apply="-08:00" utc_to_local_offset_min=-480 temp_f=nan rh_pct=nan
[2026-03-07 05:05:13] I (47706822) esp_clock: Last NTP/Matter compare 0.01 days ago | Current RTC Local = 2026-03-07 05:05:12 PST | RTC->NTP drift = 1.081 sec (RTC behind NTP) | RTC->Matter drift = 1.000 sec (RTC behind Matter)
[2026-03-07 05:10:13] I (48006841) esp_clock: CLOCK_STATUS context=periodic rtc_utc="2026-03-07 13:10:12 UTC" rtc_date_utc=2026-03-07 display_12h=05:10:12(AM) display_24h=05:10:12 sys_utc="2026-03-07 13:10:13 UTC" sys_utc_hms=13:10:13 utc_to_local_apply="-08:00" utc_to_local_offset_min=-480 temp_f=nan rh_pct=nan
[2026-03-07 05:10:13] I (48006855) esp_clock: Last NTP/Matter compare 0.01 days ago | Current RTC Local = 2026-03-07 05:10:12 PST | RTC->NTP drift = 1.081 sec (RTC behind NTP) | RTC->Matter drift = 1.000 sec (RTC behind Matter)
[2026-03-07 05:15:13] I (48306879) esp_clock: CLOCK_STATUS context=periodic rtc_utc="2026-03-07 13:15:12 UTC" rtc_date_utc=2026-03-07 display_12h=05:15:12(AM) display_24h=05:15:12 sys_utc="2026-03-07 13:15:13 UTC" sys_utc_hms=13:15:13 utc_to_local_apply="-08:00" utc_to_local_offset_min=-480 temp_f=nan rh_pct=nan
[2026-03-07 05:15:13] I (48306893) esp_clock: Last NTP/Matter compare 0.02 days ago | Current RTC Local = 2026-03-07 05:15:12 PST | RTC->NTP drift = 1.081 sec (RTC behind NTP) | RTC->Matter drift = 1.000 sec (RTC behind Matter)
[2026-03-07 05:20:13] I (48606914) esp_clock: CLOCK_STATUS context=periodic rtc_utc="2026-03-07 13:20:12 UTC" rtc_date_utc=2026-03-07 display_12h=05:20:12(AM) display_24h=05:20:12 sys_utc="2026-03-07 13:20:13 UTC" sys_utc_hms=13:20:13 utc_to_local_apply="-08:00" utc_to_local_offset_min=-480 temp_f=nan rh_pct=nan
[2026-03-07 05:20:13] I (48606928) esp_clock: Last NTP/Matter compare 0.02 days ago | Current RTC Local = 2026-03-07 05:20:12 PST | RTC->NTP drift = 1.081 sec (RTC behind NTP) | RTC->Matter drift = 1.000 sec (RTC behind Matter)
[2026-03-07 05:25:13] I (48906957) esp_clock: CLOCK_STATUS context=periodic rtc_utc="2026-03-07 13:25:12 UTC" rtc_date_utc=2026-03-07 display_12h=05:25:12(AM) display_24h=05:25:12 sys_utc="2026-03-07 13:25:13 UTC" sys_utc_hms=13:25:13 utc_to_local_apply="-08:00" utc_to_local_offset_min=-480 temp_f=nan rh_pct=nan
[2026-03-07 05:25:13] I (48906972) esp_clock: Last NTP/Matter compare 0.02 days ago | Current RTC Local = 2026-03-07 05:25:12 PST | RTC->NTP drift = 1.081 sec (RTC behind NTP) | RTC->Matter drift = 1.000 sec (RTC behind Matter)
[2026-03-07 05:30:13] I (49206999) esp_clock: CLOCK_STATUS context=periodic rtc_utc="2026-03-07 13:30:13 UTC" rtc_date_utc=2026-03-07 display_12h=05:30:13(AM) display_24h=05:30:13 sys_utc="2026-03-07 13:30:13 UTC" sys_utc_hms=13:30:13 utc_to_local_apply="-08:00" utc_to_local_offset_min=-480 temp_f=nan rh_pct=nan
[2026-03-07 05:30:13] I (49207013) esp_clock: Last NTP/Matter compare 0.03 days ago | Current RTC Local = 2026-03-07 05:30:13 PST | RTC->NTP drift = 1.081 sec (RTC behind NTP) | RTC->Matter drift = 0.000 sec (RTC behind Matter)
[2026-03-07 05:35:13] I (49507037) esp_clock: CLOCK_STATUS context=periodic rtc_utc="2026-03-07 13:35:13 UTC" rtc_date_utc=2026-03-07 display_12h=05:35:13(AM) display_24h=05:35:13 sys_utc="2026-03-07 13:35:13 UTC" sys_utc_hms=13:35:13 utc_to_local_apply="-08:00" utc_to_local_offset_min=-480 temp_f=nan rh_pct=nan
[2026-03-07 05:35:14] I (49507052) esp_clock: Last NTP/Matter compare 0.03 days ago | Current RTC Local = 2026-03-07 05:35:13 PST | RTC->NTP drift = 1.081 sec (RTC behind NTP) | RTC->Matter drift = 0.000 sec (RTC behind Matter)
[2026-03-07 05:40:14] I (49807081) esp_clock: CLOCK_STATUS context=periodic rtc_utc="2026-03-07 13:40:13 UTC" rtc_date_utc=2026-03-07 display_12h=05:40:13(AM) display_24h=05:40:13 sys_utc="2026-03-07 13:40:13 UTC" sys_utc_hms=13:40:13 utc_to_local_apply="-08:00" utc_to_local_offset_min=-480 temp_f=nan rh_pct=nan
[2026-03-07 05:40:14] I (49807095) esp_clock: Last NTP/Matter compare 0.03 days ago | Current RTC Local = 2026-03-07 05:40:13 PST | RTC->NTP drift = 1.081 sec (RTC behind NTP) | RTC->Matter drift = 0.000 sec (RTC behind Matter)
[2026-03-07 05:45:14] I (50107119) esp_clock: CLOCK_STATUS context=periodic rtc_utc="2026-03-07 13:45:13 UTC" rtc_date_utc=2026-03-07 display_12h=05:45:13(AM) display_24h=05:45:13 sys_utc="2026-03-07 13:45:13 UTC" sys_utc_hms=13:45:13 utc_to_local_apply="-08:00" utc_to_local_offset_min=-480 temp_f=nan rh_pct=nan
[2026-03-07 05:45:14] I (50107133) esp_clock: Last NTP/Matter compare 0.04 days ago | Current RTC Local = 2026-03-07 05:45:13 PST | RTC->NTP drift = 1.081 sec (RTC behind NTP) | RTC->Matter drift = 0.000 sec (RTC behind Matter)
[2026-03-07 05:50:14] I (50407161) esp_clock: CLOCK_STATUS context=periodic rtc_utc="2026-03-07 13:50:13 UTC" rtc_date_utc=2026-03-07 display_12h=05:50:13(AM) display_24h=05:50:13 sys_utc="2026-03-07 13:50:14 UTC" sys_utc_hms=13:50:14 utc_to_local_apply="-08:00" utc_to_local_offset_min=-480 temp_f=nan rh_pct=nan
[2026-03-07 05:50:14] I (50407175) esp_clock: Last NTP/Matter compare 0.04 days ago | Current RTC Local = 2026-03-07 05:50:13 PST | RTC->NTP drift = 1.081 sec (RTC behind NTP) | RTC->Matter drift = 1.000 sec (RTC behind Matter)
[2026-03-07 05:51:46] I (50499320) esp_clock: CLOCK_STATUS context=sync-pre rtc_utc="2026-03-07 13:51:45 UTC" rtc_date_utc=2026-03-07 display_12h=05:51:45(AM) display_24h=05:51:45 sys_utc="2026-03-07 13:51:46 UTC" sys_utc_hms=13:51:46 utc_to_local_apply="-08:00" utc_to_local_offset_min=-480 temp_f=nan rh_pct=nan
[2026-03-07 05:51:46] I (50499335) esp_clock: Last NTP/Matter compare 0.04 days ago | Current RTC Local = 2026-03-07 05:51:45 PST | RTC->NTP drift = 1.081 sec (RTC behind NTP) | RTC->Matter drift = 1.000 sec (RTC behind Matter)
[2026-03-07 05:51:46] I (50499352) esp_clock: RTC sync: start mode=compare+sync reason=periodic-hourly
[2026-03-07 05:51:46] I (50499360) esp_clock: RTC sync: starting one-shot fetch server=fd7f:4975:d3c5:4f0a:bc3e:5442:1e1a:1911 port=123 timeout=10000 ms
[2026-03-07 05:51:46] I (50499371) esp_clock: Thread netif already default (ntp-test)
[2026-03-07 05:51:47] I (50500951) esp_clock: RTC sync: fetch success server=fd7f:4975:d3c5:4f0a:bc3e:5442:1e1a:1911 epoch=1772891507.873654 elapsed=1574 ms
[2026-03-07 05:51:47] I (50500952) esp_clock: SYNC_METRIC reason=periodic-hourly phase=pre source=fd7f:4975:d3c5:4f0a:bc3e:5442:1e1a:1911 ntp_epoch=1772891507 ntp_usec=873654 sys_epoch=1772891507 sys_usec=873782 rtc_epoch=1772891506 drift_rtc_sec=1.8737 drift_sys_ms=0.128 write_phase_ms=nan
[2026-03-07 05:51:47] I (50500975) esp_clock: RTC sync: RTC is 1.9 seconds behind NTP
[2026-03-07 05:51:47] I (50500981) esp_clock: RTC sync: RTC drift 1.874 sec <= 2 sec, no write needed (reason=periodic-hourly)
[2026-03-07 05:51:47] I (50500990) esp_clock: SYNC_METRIC reason=periodic-hourly phase=post source=fd7f:4975:d3c5:4f0a:bc3e:5442:1e1a:1911 ntp_epoch=1772891507 ntp_usec=873654 sys_epoch=1772891507 sys_usec=912964 rtc_epoch=1772891507 drift_rtc_sec=0.9130 drift_sys_ms=39.310 write_phase_ms=nan
[2026-03-07 05:51:47] I (50501014) esp_clock: RTC sync: post-sync RTC is within 1 second variance of NTP
[2026-03-07 05:51:47] I (50501021) esp_clock: RTC sync: SUCCESS compare+sync complete (reason=periodic-hourly)
[2026-03-07 05:51:48] I (50501030) esp_clock: CLOCK_STATUS context=sync-post-ok rtc_utc="2026-03-07 13:51:47 UTC" rtc_date_utc=2026-03-07 display_12h=05:51:47(AM) display_24h=05:51:47 sys_utc="2026-03-07 13:51:47 UTC" sys_utc_hms=13:51:47 utc_to_local_apply="-08:00" utc_to_local_offset_min=-480 temp_f=nan rh_pct=nan
[2026-03-07 05:51:48] I (50501055) esp_clock: Last NTP/Matter compare 0.00 days ago | Current RTC Local = 2026-03-07 05:51:47 PST | RTC->NTP drift = 0.913 sec (RTC behind NTP) | RTC->Matter drift = 0.000 sec (RTC behind Matter)
[2026-03-07 05:55:14] I (50707197) esp_clock: CLOCK_STATUS context=periodic rtc_utc="2026-03-07 13:55:13 UTC" rtc_date_utc=2026-03-07 display_12h=05:55:13(AM) display_24h=05:55:13 sys_utc="2026-03-07 13:55:14 UTC" sys_utc_hms=13:55:14 utc_to_local_apply="-08:00" utc_to_local_offset_min=-480 temp_f=nan rh_pct=nan
[2026-03-07 05:55:14] I (50707212) esp_clock: Last NTP/Matter compare 0.00 days ago | Current RTC Local = 2026-03-07 05:55:13 PST | RTC->NTP drift = 0.913 sec (RTC behind NTP) | RTC->Matter drift = 1.000 sec (RTC behind Matter)
[2026-03-07 06:00:14] I (51007236) esp_clock: CLOCK_STATUS context=periodic rtc_utc="2026-03-07 14:00:13 UTC" rtc_date_utc=2026-03-07 display_12h=06:00:13(AM) display_24h=06:00:13 sys_utc="2026-03-07 14:00:14 UTC" sys_utc_hms=14:00:14 utc_to_local_apply="-08:00" utc_to_local_offset_min=-480 temp_f=nan rh_pct=nan
[2026-03-07 06:00:14] I (51007250) esp_clock: Last NTP/Matter compare 0.01 days ago | Current RTC Local = 2026-03-07 06:00:13 PST | RTC->NTP drift = 0.913 sec (RTC behind NTP) | RTC->Matter drift = 1.000 sec (RTC behind Matter)
[2026-03-07 06:05:14] I (51307277) esp_clock: CLOCK_STATUS context=periodic rtc_utc="2026-03-07 14:05:13 UTC" rtc_date_utc=2026-03-07 display_12h=06:05:13(AM) display_24h=06:05:13 sys_utc="2026-03-07 14:05:14 UTC" sys_utc_hms=14:05:14 utc_to_local_apply="-08:00" utc_to_local_offset_min=-480 temp_f=nan rh_pct=nan
[2026-03-07 06:05:14] I (51307292) esp_clock: Last NTP/Matter compare 0.01 days ago | Current RTC Local = 2026-03-07 06:05:13 PST | RTC->NTP drift = 0.913 sec (RTC behind NTP) | RTC->Matter drift = 1.000 sec (RTC behind Matter)
[2026-03-07 06:10:14] I (51607317) esp_clock: CLOCK_STATUS context=periodic rtc_utc="2026-03-07 14:10:13 UTC" rtc_date_utc=2026-03-07 display_12h=06:10:13(AM) display_24h=06:10:13 sys_utc="2026-03-07 14:10:14 UTC" sys_utc_hms=14:10:14 utc_to_local_apply="-08:00" utc_to_local_offset_min=-480 temp_f=nan rh_pct=nan
[2026-03-07 06:10:14] I (51607332) esp_clock: Last NTP/Matter compare 0.01 days ago | Current RTC Local = 2026-03-07 06:10:13 PST | RTC->NTP drift = 0.913 sec (RTC behind NTP) | RTC->Matter drift = 1.000 sec (RTC behind Matter)
[2026-03-07 06:15:14] I (51907356) esp_clock: CLOCK_STATUS context=periodic rtc_utc="2026-03-07 14:15:13 UTC" rtc_date_utc=2026-03-07 display_12h=06:15:13(AM) display_24h=06:15:13 sys_utc="2026-03-07 14:15:14 UTC" sys_utc_hms=14:15:14 utc_to_local_apply="-08:00" utc_to_local_offset_min=-480 temp_f=nan rh_pct=nan
[2026-03-07 06:15:14] I (51907371) esp_clock: Last NTP/Matter compare 0.02 days ago | Current RTC Local = 2026-03-07 06:15:13 PST | RTC->NTP drift = 0.913 sec (RTC behind NTP) | RTC->Matter drift = 1.000 sec (RTC behind Matter)
[2026-03-07 06:20:14] I (52207392) esp_clock: CLOCK_STATUS context=periodic rtc_utc="2026-03-07 14:20:13 UTC" rtc_date_utc=2026-03-07 display_12h=06:20:13(AM) display_24h=06:20:13 sys_utc="2026-03-07 14:20:14 UTC" sys_utc_hms=14:20:14 utc_to_local_apply="-08:00" utc_to_local_offset_min=-480 temp_f=nan rh_pct=nan
[2026-03-07 06:20:14] I (52207407) esp_clock: Last NTP/Matter compare 0.02 days ago | Current RTC Local = 2026-03-07 06:20:13 PST | RTC->NTP drift = 0.913 sec (RTC behind NTP) | RTC->Matter drift = 1.000 sec (RTC behind Matter)
[2026-03-07 06:25:14] I (52507427) esp_clock: CLOCK_STATUS context=periodic rtc_utc="2026-03-07 14:25:13 UTC" rtc_date_utc=2026-03-07 display_12h=06:25:13(AM) display_24h=06:25:13 sys_utc="2026-03-07 14:25:14 UTC" sys_utc_hms=14:25:14 utc_to_local_apply="-08:00" utc_to_local_offset_min=-480 temp_f=nan rh_pct=nan
[2026-03-07 06:25:14] I (52507442) esp_clock: Last NTP/Matter compare 0.02 days ago | Current RTC Local = 2026-03-07 06:25:13 PST | RTC->NTP drift = 0.913 sec (RTC behind NTP) | RTC->Matter drift = 1.000 sec (RTC behind Matter)
[2026-03-07 06:30:14] I (52807464) esp_clock: CLOCK_STATUS context=periodic rtc_utc="2026-03-07 14:30:13 UTC" rtc_date_utc=2026-03-07 display_12h=06:30:13(AM) display_24h=06:30:13 sys_utc="2026-03-07 14:30:14 UTC" sys_utc_hms=14:30:14 utc_to_local_apply="-08:00" utc_to_local_offset_min=-480 temp_f=nan rh_pct=nan
[2026-03-07 06:30:14] I (52807478) esp_clock: Last NTP/Matter compare 0.03 days ago | Current RTC Local = 2026-03-07 06:30:13 PST | RTC->NTP drift = 0.913 sec (RTC behind NTP) | RTC->Matter drift = 1.000 sec (RTC behind Matter)
[2026-03-07 06:35:14] I (53107501) esp_clock: CLOCK_STATUS context=periodic rtc_utc="2026-03-07 14:35:13 UTC" rtc_date_utc=2026-03-07 display_12h=06:35:13(AM) display_24h=06:35:13 sys_utc="2026-03-07 14:35:14 UTC" sys_utc_hms=14:35:14 utc_to_local_apply="-08:00" utc_to_local_offset_min=-480 temp_f=nan rh_pct=nan
[2026-03-07 06:35:14] I (53107515) esp_clock: Last NTP/Matter compare 0.03 days ago | Current RTC Local = 2026-03-07 06:35:13 PST | RTC->NTP drift = 0.913 sec (RTC behind NTP) | RTC->Matter drift = 1.000 sec (RTC behind Matter)
[2026-03-07 06:40:14] I (53407539) esp_clock: CLOCK_STATUS context=periodic rtc_utc="2026-03-07 14:40:13 UTC" rtc_date_utc=2026-03-07 display_12h=06:40:13(AM) display_24h=06:40:13 sys_utc="2026-03-07 14:40:14 UTC" sys_utc_hms=14:40:14 utc_to_local_apply="-08:00" utc_to_local_offset_min=-480 temp_f=nan rh_pct=nan
[2026-03-07 06:40:14] I (53407553) esp_clock: Last NTP/Matter compare 0.03 days ago | Current RTC Local = 2026-03-07 06:40:13 PST | RTC->NTP drift = 0.913 sec (RTC behind NTP) | RTC->Matter drift = 1.000 sec (RTC behind Matter)
[2026-03-07 06:45:14] I (53707582) esp_clock: CLOCK_STATUS context=periodic rtc_utc="2026-03-07 14:45:13 UTC" rtc_date_utc=2026-03-07 display_12h=06:45:13(AM) display_24h=06:45:13 sys_utc="2026-03-07 14:45:14 UTC" sys_utc_hms=14:45:14 utc_to_local_apply="-08:00" utc_to_local_offset_min=-480 temp_f=nan rh_pct=nan
[2026-03-07 06:45:14] I (53707597) esp_clock: Last NTP/Matter compare 0.04 days ago | Current RTC Local = 2026-03-07 06:45:13 PST | RTC->NTP drift = 0.913 sec (RTC behind NTP) | RTC->Matter drift = 1.000 sec (RTC behind Matter)
[2026-03-07 06:50:14] I (54007622) esp_clock: CLOCK_STATUS context=periodic rtc_utc="2026-03-07 14:50:13 UTC" rtc_date_utc=2026-03-07 display_12h=06:50:13(AM) display_24h=06:50:13 sys_utc="2026-03-07 14:50:14 UTC" sys_utc_hms=14:50:14 utc_to_local_apply="-08:00" utc_to_local_offset_min=-480 temp_f=nan rh_pct=nan
[2026-03-07 06:50:14] I (54007637) esp_clock: Last NTP/Matter compare 0.04 days ago | Current RTC Local = 2026-03-07 06:50:13 PST | RTC->NTP drift = 0.913 sec (RTC behind NTP) | RTC->Matter drift = 1.000 sec (RTC behind Matter)
[2026-03-07 06:51:48] I (54101073) esp_clock: CLOCK_STATUS context=sync-pre rtc_utc="2026-03-07 14:51:47 UTC" rtc_date_utc=2026-03-07 display_12h=06:51:47(AM) display_24h=06:51:47 sys_utc="2026-03-07 14:51:47 UTC" sys_utc_hms=14:51:47 utc_to_local_apply="-08:00" utc_to_local_offset_min=-480 temp_f=nan rh_pct=nan
[2026-03-07 06:51:48] I (54101087) esp_clock: Last NTP/Matter compare 0.04 days ago | Current RTC Local = 2026-03-07 06:51:47 PST | RTC->NTP drift = 0.913 sec (RTC behind NTP) | RTC->Matter drift = 1.000 sec (RTC behind Matter)
[2026-03-07 06:51:48] I (54101105) esp_clock: RTC sync: start mode=compare+sync reason=periodic-hourly
[2026-03-07 06:51:48] I (54101113) esp_clock: RTC sync: starting one-shot fetch server=fd7f:4975:d3c5:4f0a:bc3e:5442:1e1a:1911 port=123 timeout=10000 ms
[2026-03-07 06:51:48] I (54101124) esp_clock: Thread netif already default (ntp-test)
[2026-03-07 06:51:50] I (54103538) esp_clock: RTC sync: fetch success server=fd7f:4975:d3c5:4f0a:bc3e:5442:1e1a:1911 epoch=1772895110.546305 elapsed=2408 ms
[2026-03-07 06:51:50] I (54103539) esp_clock: SYNC_METRIC reason=periodic-hourly phase=pre source=fd7f:4975:d3c5:4f0a:bc3e:5442:1e1a:1911 ntp_epoch=1772895110 ntp_usec=546305 sys_epoch=1772895110 sys_usec=546433 rtc_epoch=1772895109 drift_rtc_sec=1.5463 drift_sys_ms=0.128 write_phase_ms=nan
[2026-03-07 06:51:50] I (54103562) esp_clock: RTC sync: RTC is 1.5 seconds behind NTP
[2026-03-07 06:51:50] I (54103568) esp_clock: RTC sync: RTC drift 1.546 sec <= 2 sec, no write needed (reason=periodic-hourly)
[2026-03-07 06:51:50] I (54103577) esp_clock: SYNC_METRIC reason=periodic-hourly phase=post source=fd7f:4975:d3c5:4f0a:bc3e:5442:1e1a:1911 ntp_epoch=1772895110 ntp_usec=546305 sys_epoch=1772895110 sys_usec=585677 rtc_epoch=1772895109 drift_rtc_sec=1.5857 drift_sys_ms=39.372 write_phase_ms=nan
[2026-03-07 06:51:50] I (54103601) esp_clock: RTC sync: post-sync RTC is 1.6 seconds behind NTP
[2026-03-07 06:51:50] I (54103607) esp_clock: RTC sync: SUCCESS compare+sync complete (reason=periodic-hourly)
[2026-03-07 06:51:50] I (54103616) esp_clock: CLOCK_STATUS context=sync-post-ok rtc_utc="2026-03-07 14:51:49 UTC" rtc_date_utc=2026-03-07 display_12h=06:51:49(AM) display_24h=06:51:49 sys_utc="2026-03-07 14:51:50 UTC" sys_utc_hms=14:51:50 utc_to_local_apply="-08:00" utc_to_local_offset_min=-480 temp_f=nan rh_pct=nan
[2026-03-07 06:51:50] I (54103641) esp_clock: Last NTP/Matter compare 0.00 days ago | Current RTC Local = 2026-03-07 06:51:49 PST | RTC->NTP drift = 1.586 sec (RTC behind NTP) | RTC->Matter drift = 1.000 sec (RTC behind Matter)
[2026-03-07 06:55:14] I (54307659) esp_clock: CLOCK_STATUS context=periodic rtc_utc="2026-03-07 14:55:13 UTC" rtc_date_utc=2026-03-07 display_12h=06:55:13(AM) display_24h=06:55:13 sys_utc="2026-03-07 14:55:14 UTC" sys_utc_hms=14:55:14 utc_to_local_apply="-08:00" utc_to_local_offset_min=-480 temp_f=nan rh_pct=nan
[2026-03-07 06:55:14] I (54307673) esp_clock: Last NTP/Matter compare 0.00 days ago | Current RTC Local = 2026-03-07 06:55:13 PST | RTC->NTP drift = 1.586 sec (RTC behind NTP) | RTC->Matter drift = 1.000 sec (RTC behind Matter)
[2026-03-07 07:00:14] I (54607696) esp_clock: CLOCK_STATUS context=periodic rtc_utc="2026-03-07 15:00:13 UTC" rtc_date_utc=2026-03-07 display_12h=07:00:13(AM) display_24h=07:00:13 sys_utc="2026-03-07 15:00:14 UTC" sys_utc_hms=15:00:14 utc_to_local_apply="-08:00" utc_to_local_offset_min=-480 temp_f=nan rh_pct=nan
[2026-03-07 07:00:14] I (54607710) esp_clock: Last NTP/Matter compare 0.01 days ago | Current RTC Local = 2026-03-07 07:00:13 PST | RTC->NTP drift = 1.586 sec (RTC behind NTP) | RTC->Matter drift = 1.000 sec (RTC behind Matter)
[2026-03-07 07:05:14] I (54907733) esp_clock: CLOCK_STATUS context=periodic rtc_utc="2026-03-07 15:05:13 UTC" rtc_date_utc=2026-03-07 display_12h=07:05:13(AM) display_24h=07:05:13 sys_utc="2026-03-07 15:05:14 UTC" sys_utc_hms=15:05:14 utc_to_local_apply="-08:00" utc_to_local_offset_min=-480 temp_f=nan rh_pct=nan
[2026-03-07 07:05:14] I (54907748) esp_clock: Last NTP/Matter compare 0.01 days ago | Current RTC Local = 2026-03-07 07:05:13 PST | RTC->NTP drift = 1.586 sec (RTC behind NTP) | RTC->Matter drift = 1.000 sec (RTC behind Matter)
[2026-03-07 07:10:14] I (55207775) esp_clock: CLOCK_STATUS context=periodic rtc_utc="2026-03-07 15:10:13 UTC" rtc_date_utc=2026-03-07 display_12h=07:10:13(AM) display_24h=07:10:13 sys_utc="2026-03-07 15:10:14 UTC" sys_utc_hms=15:10:14 utc_to_local_apply="-08:00" utc_to_local_offset_min=-480 temp_f=nan rh_pct=nan
[2026-03-07 07:10:14] I (55207790) esp_clock: Last NTP/Matter compare 0.01 days ago | Current RTC Local = 2026-03-07 07:10:13 PST | RTC->NTP drift = 1.586 sec (RTC behind NTP) | RTC->Matter drift = 1.000 sec (RTC behind Matter)
[2026-03-07 07:15:14] I (55507816) esp_clock: CLOCK_STATUS context=periodic rtc_utc="2026-03-07 15:15:13 UTC" rtc_date_utc=2026-03-07 display_12h=07:15:13(AM) display_24h=07:15:13 sys_utc="2026-03-07 15:15:14 UTC" sys_utc_hms=15:15:14 utc_to_local_apply="-08:00" utc_to_local_offset_min=-480 temp_f=nan rh_pct=nan
[2026-03-07 07:15:14] I (55507830) esp_clock: Last NTP/Matter compare 0.02 days ago | Current RTC Local = 2026-03-07 07:15:13 PST | RTC->NTP drift = 1.586 sec (RTC behind NTP) | RTC->Matter drift = 1.000 sec (RTC behind Matter)
[2026-03-07 07:20:14] I (55807854) esp_clock: CLOCK_STATUS context=periodic rtc_utc="2026-03-07 15:20:13 UTC" rtc_date_utc=2026-03-07 display_12h=07:20:13(AM) display_24h=07:20:13 sys_utc="2026-03-07 15:20:14 UTC" sys_utc_hms=15:20:14 utc_to_local_apply="-08:00" utc_to_local_offset_min=-480 temp_f=nan rh_pct=nan
[2026-03-07 07:20:14] I (55807868) esp_clock: Last NTP/Matter compare 0.02 days ago | Current RTC Local = 2026-03-07 07:20:13 PST | RTC->NTP drift = 1.586 sec (RTC behind NTP) | RTC->Matter drift = 1.000 sec (RTC behind Matter)
[2026-03-07 07:25:14] I (56107897) esp_clock: CLOCK_STATUS context=periodic rtc_utc="2026-03-07 15:25:14 UTC" rtc_date_utc=2026-03-07 display_12h=07:25:14(AM) display_24h=07:25:14 sys_utc="2026-03-07 15:25:14 UTC" sys_utc_hms=15:25:14 utc_to_local_apply="-08:00" utc_to_local_offset_min=-480 temp_f=nan rh_pct=nan
[2026-03-07 07:25:15] I (56107912) esp_clock: Last NTP/Matter compare 0.02 days ago | Current RTC Local = 2026-03-07 07:25:14 PST | RTC->NTP drift = 1.586 sec (RTC behind NTP) | RTC->Matter drift = 0.000 sec (RTC behind Matter)
[2026-03-07 07:30:15] I (56407934) esp_clock: CLOCK_STATUS context=periodic rtc_utc="2026-03-07 15:30:14 UTC" rtc_date_utc=2026-03-07 display_12h=07:30:14(AM) display_24h=07:30:14 sys_utc="2026-03-07 15:30:14 UTC" sys_utc_hms=15:30:14 utc_to_local_apply="-08:00" utc_to_local_offset_min=-480 temp_f=nan rh_pct=nan
[2026-03-07 07:30:15] I (56407948) esp_clock: Last NTP/Matter compare 0.03 days ago | Current RTC Local = 2026-03-07 07:30:14 PST | RTC->NTP drift = 1.586 sec (RTC behind NTP) | RTC->Matter drift = 0.000 sec (RTC behind Matter)
[2026-03-07 07:35:15] I (56707973) esp_clock: CLOCK_STATUS context=periodic rtc_utc="2026-03-07 15:35:14 UTC" rtc_date_utc=2026-03-07 display_12h=07:35:14(AM) display_24h=07:35:14 sys_utc="2026-03-07 15:35:14 UTC" sys_utc_hms=15:35:14 utc_to_local_apply="-08:00" utc_to_local_offset_min=-480 temp_f=nan rh_pct=nan
[2026-03-07 07:35:15] I (56707988) esp_clock: Last NTP/Matter compare 0.03 days ago | Current RTC Local = 2026-03-07 07:35:14 PST | RTC->NTP drift = 1.586 sec (RTC behind NTP) | RTC->Matter drift = 0.000 sec (RTC behind Matter)
[2026-03-07 07:40:15] I (57008009) esp_clock: CLOCK_STATUS context=periodic rtc_utc="2026-03-07 15:40:14 UTC" rtc_date_utc=2026-03-07 display_12h=07:40:14(AM) display_24h=07:40:14 sys_utc="2026-03-07 15:40:15 UTC" sys_utc_hms=15:40:15 utc_to_local_apply="-08:00" utc_to_local_offset_min=-480 temp_f=nan rh_pct=nan
[2026-03-07 07:40:15] I (57008023) esp_clock: Last NTP/Matter compare 0.03 days ago | Current RTC Local = 2026-03-07 07:40:14 PST | RTC->NTP drift = 1.586 sec (RTC behind NTP) | RTC->Matter drift = 1.000 sec (RTC behind Matter)
[2026-03-07 07:45:15] I (57308047) esp_clock: CLOCK_STATUS context=periodic rtc_utc="2026-03-07 15:45:14 UTC" rtc_date_utc=2026-03-07 display_12h=07:45:14(AM) display_24h=07:45:14 sys_utc="2026-03-07 15:45:15 UTC" sys_utc_hms=15:45:15 utc_to_local_apply="-08:00" utc_to_local_offset_min=-480 temp_f=nan rh_pct=nan
[2026-03-07 07:45:15] I (57308062) esp_clock: Last NTP/Matter compare 0.04 days ago | Current RTC Local = 2026-03-07 07:45:14 PST | RTC->NTP drift = 1.586 sec (RTC behind NTP) | RTC->Matter drift = 1.000 sec (RTC behind Matter)
[2026-03-07 07:50:15] I (57608091) esp_clock: CLOCK_STATUS context=periodic rtc_utc="2026-03-07 15:50:14 UTC" rtc_date_utc=2026-03-07 display_12h=07:50:14(AM) display_24h=07:50:14 sys_utc="2026-03-07 15:50:15 UTC" sys_utc_hms=15:50:15 utc_to_local_apply="-08:00" utc_to_local_offset_min=-480 temp_f=nan rh_pct=nan
[2026-03-07 07:50:15] I (57608105) esp_clock: Last NTP/Matter compare 0.04 days ago | Current RTC Local = 2026-03-07 07:50:14 PST | RTC->NTP drift = 1.586 sec (RTC behind NTP) | RTC->Matter drift = 1.000 sec (RTC behind Matter)
[2026-03-07 07:51:09] E (57662243) chip[DMG]: Fail to retrieve data, roll back and encode status on clusterId: 0x0000_0033, attributeId: 0x0000_0003err = 586
[2026-03-07 07:51:50] I (57703660) esp_clock: CLOCK_STATUS context=sync-pre rtc_utc="2026-03-07 15:51:49 UTC" rtc_date_utc=2026-03-07 display_12h=07:51:49(AM) display_24h=07:51:49 sys_utc="2026-03-07 15:51:50 UTC" sys_utc_hms=15:51:50 utc_to_local_apply="-08:00" utc_to_local_offset_min=-480 temp_f=nan rh_pct=nan
[2026-03-07 07:51:50] I (57703675) esp_clock: Last NTP/Matter compare 0.04 days ago | Current RTC Local = 2026-03-07 07:51:49 PST | RTC->NTP drift = 1.586 sec (RTC behind NTP) | RTC->Matter drift = 1.000 sec (RTC behind Matter)
[2026-03-07 07:51:50] I (57703692) esp_clock: RTC sync: start mode=compare+sync reason=periodic-hourly
[2026-03-07 07:51:50] I (57703700) esp_clock: RTC sync: starting one-shot fetch server=fd7f:4975:d3c5:4f0a:bc3e:5442:1e1a:1911 port=123 timeout=10000 ms
[2026-03-07 07:51:50] I (57703711) esp_clock: Thread netif already default (ntp-test)
[2026-03-07 07:51:54] I (57707877) esp_clock: RTC sync: fetch success server=fd7f:4975:d3c5:4f0a:bc3e:5442:1e1a:1911 epoch=1772898714.967866 elapsed=4160 ms
[2026-03-07 07:51:55] I (57707878) esp_clock: SYNC_METRIC reason=periodic-hourly phase=pre source=fd7f:4975:d3c5:4f0a:bc3e:5442:1e1a:1911 ntp_epoch=1772898714 ntp_usec=967866 sys_epoch=1772898714 sys_usec=967994 rtc_epoch=1772898714 drift_rtc_sec=0.9679 drift_sys_ms=0.128 write_phase_ms=nan
[2026-03-07 07:51:55] I (57707901) esp_clock: RTC sync: RTC is within 1 second variance of NTP
[2026-03-07 07:51:55] I (57707908) esp_clock: RTC sync: RTC drift 0.968 sec <= 2 sec, no write needed (reason=periodic-hourly)
[2026-03-07 07:51:55] I (57707917) esp_clock: SYNC_METRIC reason=periodic-hourly phase=post source=fd7f:4975:d3c5:4f0a:bc3e:5442:1e1a:1911 ntp_epoch=1772898714 ntp_usec=967866 sys_epoch=1772898715 sys_usec=7958 rtc_epoch=1772898714 drift_rtc_sec=1.0080 drift_sys_ms=40.092 write_phase_ms=nan
[2026-03-07 07:51:55] I (57707941) esp_clock: RTC sync: post-sync RTC is 1.0 seconds behind NTP
[2026-03-07 07:51:55] I (57707947) esp_clock: RTC sync: SUCCESS compare+sync complete (reason=periodic-hourly)
[2026-03-07 07:51:55] I (57707956) esp_clock: CLOCK_STATUS context=sync-post-ok rtc_utc="2026-03-07 15:51:54 UTC" rtc_date_utc=2026-03-07 display_12h=07:51:54(AM) display_24h=07:51:54 sys_utc="2026-03-07 15:51:55 UTC" sys_utc_hms=15:51:55 utc_to_local_apply="-08:00" utc_to_local_offset_min=-480 temp_f=nan rh_pct=nan
[2026-03-07 07:51:55] I (57707981) esp_clock: Last NTP/Matter compare 0.00 days ago | Current RTC Local = 2026-03-07 07:51:54 PST | RTC->NTP drift = 1.008 sec (RTC behind NTP) | RTC->Matter drift = 1.000 sec (RTC behind Matter)
[2026-03-07 07:55:15] I (57908127) esp_clock: CLOCK_STATUS context=periodic rtc_utc="2026-03-07 15:55:14 UTC" rtc_date_utc=2026-03-07 display_12h=07:55:14(AM) display_24h=07:55:14 sys_utc="2026-03-07 15:55:15 UTC" sys_utc_hms=15:55:15 utc_to_local_apply="-08:00" utc_to_local_offset_min=-480 temp_f=nan rh_pct=nan
[2026-03-07 07:55:15] I (57908142) esp_clock: Last NTP/Matter compare 0.00 days ago | Current RTC Local = 2026-03-07 07:55:14 PST | RTC->NTP drift = 1.008 sec (RTC behind NTP) | RTC->Matter drift = 1.000 sec (RTC behind Matter)
[2026-03-07 08:00:15] I (58208164) esp_clock: CLOCK_STATUS context=periodic rtc_utc="2026-03-07 16:00:14 UTC" rtc_date_utc=2026-03-07 display_12h=08:00:14(AM) display_24h=08:00:14 sys_utc="2026-03-07 16:00:15 UTC" sys_utc_hms=16:00:15 utc_to_local_apply="-08:00" utc_to_local_offset_min=-480 temp_f=nan rh_pct=nan
[2026-03-07 08:00:15] I (58208178) esp_clock: Last NTP/Matter compare 0.01 days ago | Current RTC Local = 2026-03-07 08:00:14 PST | RTC->NTP drift = 1.008 sec (RTC behind NTP) | RTC->Matter drift = 1.000 sec (RTC behind Matter)
[2026-03-07 08:05:15] I (58508202) esp_clock: CLOCK_STATUS context=periodic rtc_utc="2026-03-07 16:05:14 UTC" rtc_date_utc=2026-03-07 display_12h=08:05:14(AM) display_24h=08:05:14 sys_utc="2026-03-07 16:05:15 UTC" sys_utc_hms=16:05:15 utc_to_local_apply="-08:00" utc_to_local_offset_min=-480 temp_f=nan rh_pct=nan
[2026-03-07 08:05:15] I (58508217) esp_clock: Last NTP/Matter compare 0.01 days ago | Current RTC Local = 2026-03-07 08:05:14 PST | RTC->NTP drift = 1.008 sec (RTC behind NTP) | RTC->Matter drift = 1.000 sec (RTC behind Matter)
[2026-03-07 08:10:15] I (58808241) esp_clock: CLOCK_STATUS context=periodic rtc_utc="2026-03-07 16:10:14 UTC" rtc_date_utc=2026-03-07 display_12h=08:10:14(AM) display_24h=08:10:14 sys_utc="2026-03-07 16:10:15 UTC" sys_utc_hms=16:10:15 utc_to_local_apply="-08:00" utc_to_local_offset_min=-480 temp_f=nan rh_pct=nan
[2026-03-07 08:10:15] I (58808256) esp_clock: Last NTP/Matter compare 0.01 days ago | Current RTC Local = 2026-03-07 08:10:14 PST | RTC->NTP drift = 1.008 sec (RTC behind NTP) | RTC->Matter drift = 1.000 sec (RTC behind Matter)
[2026-03-07 08:15:15] I (59108279) esp_clock: CLOCK_STATUS context=periodic rtc_utc="2026-03-07 16:15:14 UTC" rtc_date_utc=2026-03-07 display_12h=08:15:14(AM) display_24h=08:15:14 sys_utc="2026-03-07 16:15:15 UTC" sys_utc_hms=16:15:15 utc_to_local_apply="-08:00" utc_to_local_offset_min=-480 temp_f=nan rh_pct=nan
[2026-03-07 08:15:15] I (59108293) esp_clock: Last NTP/Matter compare 0.02 days ago | Current RTC Local = 2026-03-07 08:15:14 PST | RTC->NTP drift = 1.008 sec (RTC behind NTP) | RTC->Matter drift = 1.000 sec (RTC behind Matter)
[2026-03-07 08:20:15] I (59408315) esp_clock: CLOCK_STATUS context=periodic rtc_utc="2026-03-07 16:20:14 UTC" rtc_date_utc=2026-03-07 display_12h=08:20:14(AM) display_24h=08:20:14 sys_utc="2026-03-07 16:20:15 UTC" sys_utc_hms=16:20:15 utc_to_local_apply="-08:00" utc_to_local_offset_min=-480 temp_f=nan rh_pct=nan
[2026-03-07 08:20:15] I (59408330) esp_clock: Last NTP/Matter compare 0.02 days ago | Current RTC Local = 2026-03-07 08:20:14 PST | RTC->NTP drift = 1.008 sec (RTC behind NTP) | RTC->Matter drift = 1.000 sec (RTC behind Matter)
[2026-03-07 08:25:15] I (59708352) esp_clock: CLOCK_STATUS context=periodic rtc_utc="2026-03-07 16:25:14 UTC" rtc_date_utc=2026-03-07 display_12h=08:25:14(AM) display_24h=08:25:14 sys_utc="2026-03-07 16:25:15 UTC" sys_utc_hms=16:25:15 utc_to_local_apply="-08:00" utc_to_local_offset_min=-480 temp_f=nan rh_pct=nan
[2026-03-07 08:25:15] I (59708367) esp_clock: Last NTP/Matter compare 0.02 days ago | Current RTC Local = 2026-03-07 08:25:14 PST | RTC->NTP drift = 1.008 sec (RTC behind NTP) | RTC->Matter drift = 1.000 sec (RTC behind Matter)
[2026-03-07 08:30:15] I (60008392) esp_clock: CLOCK_STATUS context=periodic rtc_utc="2026-03-07 16:30:14 UTC" rtc_date_utc=2026-03-07 display_12h=08:30:14(AM) display_24h=08:30:14 sys_utc="2026-03-07 16:30:15 UTC" sys_utc_hms=16:30:15 utc_to_local_apply="-08:00" utc_to_local_offset_min=-480 temp_f=nan rh_pct=nan
[2026-03-07 08:30:15] I (60008407) esp_clock: Last NTP/Matter compare 0.03 days ago | Current RTC Local = 2026-03-07 08:30:14 PST | RTC->NTP drift = 1.008 sec (RTC behind NTP) | RTC->Matter drift = 1.000 sec (RTC behind Matter)
[2026-03-07 08:35:15] I (60308432) esp_clock: CLOCK_STATUS context=periodic rtc_utc="2026-03-07 16:35:14 UTC" rtc_date_utc=2026-03-07 display_12h=08:35:14(AM) display_24h=08:35:14 sys_utc="2026-03-07 16:35:15 UTC" sys_utc_hms=16:35:15 utc_to_local_apply="-08:00" utc_to_local_offset_min=-480 temp_f=nan rh_pct=nan
[2026-03-07 08:35:15] I (60308447) esp_clock: Last NTP/Matter compare 0.03 days ago | Current RTC Local = 2026-03-07 08:35:14 PST | RTC->NTP drift = 1.008 sec (RTC behind NTP) | RTC->Matter drift = 1.000 sec (RTC behind Matter)
[2026-03-07 08:40:15] I (60608474) esp_clock: CLOCK_STATUS context=periodic rtc_utc="2026-03-07 16:40:14 UTC" rtc_date_utc=2026-03-07 display_12h=08:40:14(AM) display_24h=08:40:14 sys_utc="2026-03-07 16:40:15 UTC" sys_utc_hms=16:40:15 utc_to_local_apply="-08:00" utc_to_local_offset_min=-480 temp_f=nan rh_pct=nan
[2026-03-07 08:40:15] I (60608488) esp_clock: Last NTP/Matter compare 0.03 days ago | Current RTC Local = 2026-03-07 08:40:14 PST | RTC->NTP drift = 1.008 sec (RTC behind NTP) | RTC->Matter drift = 1.000 sec (RTC behind Matter)
[2026-03-07 08:45:15] I (60908511) esp_clock: CLOCK_STATUS context=periodic rtc_utc="2026-03-07 16:45:14 UTC" rtc_date_utc=2026-03-07 display_12h=08:45:14(AM) display_24h=08:45:14 sys_utc="2026-03-07 16:45:15 UTC" sys_utc_hms=16:45:15 utc_to_local_apply="-08:00" utc_to_local_offset_min=-480 temp_f=nan rh_pct=nan
[2026-03-07 08:45:15] I (60908525) esp_clock: Last NTP/Matter compare 0.04 days ago | Current RTC Local = 2026-03-07 08:45:14 PST | RTC->NTP drift = 1.008 sec (RTC behind NTP) | RTC->Matter drift = 1.000 sec (RTC behind Matter)
[2026-03-07 08:50:15] I (61208552) esp_clock: CLOCK_STATUS context=periodic rtc_utc="2026-03-07 16:50:14 UTC" rtc_date_utc=2026-03-07 display_12h=08:50:14(AM) display_24h=08:50:14 sys_utc="2026-03-07 16:50:15 UTC" sys_utc_hms=16:50:15 utc_to_local_apply="-08:00" utc_to_local_offset_min=-480 temp_f=nan rh_pct=nan
[2026-03-07 08:50:15] I (61208567) esp_clock: Last NTP/Matter compare 0.04 days ago | Current RTC Local = 2026-03-07 08:50:14 PST | RTC->NTP drift = 1.008 sec (RTC behind NTP) | RTC->Matter drift = 1.000 sec (RTC behind Matter)
[2026-03-07 08:51:55] I (61308000) esp_clock: CLOCK_STATUS context=sync-pre rtc_utc="2026-03-07 16:51:54 UTC" rtc_date_utc=2026-03-07 display_12h=08:51:54(AM) display_24h=08:51:54 sys_utc="2026-03-07 16:51:55 UTC" sys_utc_hms=16:51:55 utc_to_local_apply="-08:00" utc_to_local_offset_min=-480 temp_f=nan rh_pct=nan
[2026-03-07 08:51:55] I (61308015) esp_clock: Last NTP/Matter compare 0.04 days ago | Current RTC Local = 2026-03-07 08:51:54 PST | RTC->NTP drift = 1.008 sec (RTC behind NTP) | RTC->Matter drift = 1.000 sec (RTC behind Matter)
[2026-03-07 08:51:55] I (61308032) esp_clock: RTC sync: start mode=compare+sync reason=periodic-hourly
[2026-03-07 08:51:55] I (61308040) esp_clock: RTC sync: starting one-shot fetch server=fd7f:4975:d3c5:4f0a:bc3e:5442:1e1a:1911 port=123 timeout=10000 ms
[2026-03-07 08:51:55] I (61308051) esp_clock: Thread netif already default (ntp-test)
[2026-03-07 08:51:56] I (61309151) esp_clock: RTC sync: fetch success server=fd7f:4975:d3c5:4f0a:bc3e:5442:1e1a:1911 epoch=1772902316.327211 elapsed=1094 ms
[2026-03-07 08:51:56] I (61309152) esp_clock: SYNC_METRIC reason=periodic-hourly phase=pre source=fd7f:4975:d3c5:4f0a:bc3e:5442:1e1a:1911 ntp_epoch=1772902316 ntp_usec=327211 sys_epoch=1772902316 sys_usec=327346 rtc_epoch=1772902315 drift_rtc_sec=1.3272 drift_sys_ms=0.135 write_phase_ms=nan
[2026-03-07 08:51:56] I (61309175) esp_clock: RTC sync: RTC is 1.3 seconds behind NTP
[2026-03-07 08:51:56] I (61309181) esp_clock: RTC sync: RTC drift 1.327 sec <= 2 sec, no write needed (reason=periodic-hourly)
[2026-03-07 08:51:56] I (61309190) esp_clock: SYNC_METRIC reason=periodic-hourly phase=post source=fd7f:4975:d3c5:4f0a:bc3e:5442:1e1a:1911 ntp_epoch=1772902316 ntp_usec=327211 sys_epoch=1772902316 sys_usec=366528 rtc_epoch=1772902315 drift_rtc_sec=1.3665 drift_sys_ms=39.317 write_phase_ms=nan
[2026-03-07 08:51:56] I (61309213) esp_clock: RTC sync: post-sync RTC is 1.4 seconds behind NTP
[2026-03-07 08:51:56] I (61309220) esp_clock: RTC sync: SUCCESS compare+sync complete (reason=periodic-hourly)
[2026-03-07 08:51:56] I (61309229) esp_clock: CLOCK_STATUS context=sync-post-ok rtc_utc="2026-03-07 16:51:55 UTC" rtc_date_utc=2026-03-07 display_12h=08:51:55(AM) display_24h=08:51:55 sys_utc="2026-03-07 16:51:56 UTC" sys_utc_hms=16:51:56 utc_to_local_apply="-08:00" utc_to_local_offset_min=-480 temp_f=nan rh_pct=nan
[2026-03-07 08:51:56] I (61309254) esp_clock: Last NTP/Matter compare 0.00 days ago | Current RTC Local = 2026-03-07 08:51:55 PST | RTC->NTP drift = 1.367 sec (RTC behind NTP) | RTC->Matter drift = 1.000 sec (RTC behind Matter)
[2026-03-07 08:55:15] I (61508587) esp_clock: CLOCK_STATUS context=periodic rtc_utc="2026-03-07 16:55:14 UTC" rtc_date_utc=2026-03-07 display_12h=08:55:14(AM) display_24h=08:55:14 sys_utc="2026-03-07 16:55:15 UTC" sys_utc_hms=16:55:15 utc_to_local_apply="-08:00" utc_to_local_offset_min=-480 temp_f=nan rh_pct=nan
[2026-03-07 08:55:15] I (61508602) esp_clock: Last NTP/Matter compare 0.00 days ago | Current RTC Local = 2026-03-07 08:55:14 PST | RTC->NTP drift = 1.367 sec (RTC behind NTP) | RTC->Matter drift = 1.000 sec (RTC behind Matter)
[2026-03-07 09:00:15] I (61808632) esp_clock: CLOCK_STATUS context=periodic rtc_utc="2026-03-07 17:00:14 UTC" rtc_date_utc=2026-03-07 display_12h=09:00:14(AM) display_24h=09:00:14 sys_utc="2026-03-07 17:00:15 UTC" sys_utc_hms=17:00:15 utc_to_local_apply="-08:00" utc_to_local_offset_min=-480 temp_f=nan rh_pct=nan
[2026-03-07 09:00:15] I (61808647) esp_clock: Last NTP/Matter compare 0.01 days ago | Current RTC Local = 2026-03-07 09:00:14 PST | RTC->NTP drift = 1.367 sec (RTC behind NTP) | RTC->Matter drift = 1.000 sec (RTC behind Matter)
[2026-03-07 09:05:15] I (62108677) esp_clock: CLOCK_STATUS context=periodic rtc_utc="2026-03-07 17:05:14 UTC" rtc_date_utc=2026-03-07 display_12h=09:05:14(AM) display_24h=09:05:14 sys_utc="2026-03-07 17:05:15 UTC" sys_utc_hms=17:05:15 utc_to_local_apply="-08:00" utc_to_local_offset_min=-480 temp_f=nan rh_pct=nan
[2026-03-07 09:05:15] I (62108692) esp_clock: Last NTP/Matter compare 0.01 days ago | Current RTC Local = 2026-03-07 09:05:14 PST | RTC->NTP drift = 1.367 sec (RTC behind NTP) | RTC->Matter drift = 1.000 sec (RTC behind Matter)
[2026-03-07 09:10:15] I (62408717) esp_clock: CLOCK_STATUS context=periodic rtc_utc="2026-03-07 17:10:14 UTC" rtc_date_utc=2026-03-07 display_12h=09:10:14(AM) display_24h=09:10:14 sys_utc="2026-03-07 17:10:15 UTC" sys_utc_hms=17:10:15 utc_to_local_apply="-08:00" utc_to_local_offset_min=-480 temp_f=nan rh_pct=nan
[2026-03-07 09:10:15] I (62408732) esp_clock: Last NTP/Matter compare 0.01 days ago | Current RTC Local = 2026-03-07 09:10:14 PST | RTC->NTP drift = 1.367 sec (RTC behind NTP) | RTC->Matter drift = 1.000 sec (RTC behind Matter)
[2026-03-07 09:15:16] I (62708761) esp_clock: CLOCK_STATUS context=periodic rtc_utc="2026-03-07 17:15:14 UTC" rtc_date_utc=2026-03-07 display_12h=09:15:14(AM) display_24h=09:15:14 sys_utc="2026-03-07 17:15:15 UTC" sys_utc_hms=17:15:15 utc_to_local_apply="-08:00" utc_to_local_offset_min=-480 temp_f=nan rh_pct=nan
[2026-03-07 09:15:16] I (62708775) esp_clock: Last NTP/Matter compare 0.02 days ago | Current RTC Local = 2026-03-07 09:15:14 PST | RTC->NTP drift = 1.367 sec (RTC behind NTP) | RTC->Matter drift = 1.000 sec (RTC behind Matter)
[2026-03-07 09:20:16] I (63008799) esp_clock: CLOCK_STATUS context=periodic rtc_utc="2026-03-07 17:20:15 UTC" rtc_date_utc=2026-03-07 display_12h=09:20:15(AM) display_24h=09:20:15 sys_utc="2026-03-07 17:20:15 UTC" sys_utc_hms=17:20:15 utc_to_local_apply="-08:00" utc_to_local_offset_min=-480 temp_f=nan rh_pct=nan
[2026-03-07 09:20:16] I (63008813) esp_clock: Last NTP/Matter compare 0.02 days ago | Current RTC Local = 2026-03-07 09:20:15 PST | RTC->NTP drift = 1.367 sec (RTC behind NTP) | RTC->Matter drift = 0.000 sec (RTC behind Matter)
[2026-03-07 09:25:16] I (63308840) esp_clock: CLOCK_STATUS context=periodic rtc_utc="2026-03-07 17:25:15 UTC" rtc_date_utc=2026-03-07 display_12h=09:25:15(AM) display_24h=09:25:15 sys_utc="2026-03-07 17:25:16 UTC" sys_utc_hms=17:25:16 utc_to_local_apply="-08:00" utc_to_local_offset_min=-480 temp_f=nan rh_pct=nan
[2026-03-07 09:25:16] I (63308855) esp_clock: Last NTP/Matter compare 0.02 days ago | Current RTC Local = 2026-03-07 09:25:15 PST | RTC->NTP drift = 1.367 sec (RTC behind NTP) | RTC->Matter drift = 1.000 sec (RTC behind Matter)
[2026-03-07 09:30:16] I (63608881) esp_clock: CLOCK_STATUS context=periodic rtc_utc="2026-03-07 17:30:15 UTC" rtc_date_utc=2026-03-07 display_12h=09:30:15(AM) display_24h=09:30:15 sys_utc="2026-03-07 17:30:16 UTC" sys_utc_hms=17:30:16 utc_to_local_apply="-08:00" utc_to_local_offset_min=-480 temp_f=nan rh_pct=nan
[2026-03-07 09:30:16] I (63608895) esp_clock: Last NTP/Matter compare 0.03 days ago | Current RTC Local = 2026-03-07 09:30:15 PST | RTC->NTP drift = 1.367 sec (RTC behind NTP) | RTC->Matter drift = 1.000 sec (RTC behind Matter)
[2026-03-07 09:35:16] I (63908915) esp_clock: CLOCK_STATUS context=periodic rtc_utc="2026-03-07 17:35:15 UTC" rtc_date_utc=2026-03-07 display_12h=09:35:15(AM) display_24h=09:35:15 sys_utc="2026-03-07 17:35:16 UTC" sys_utc_hms=17:35:16 utc_to_local_apply="-08:00" utc_to_local_offset_min=-480 temp_f=nan rh_pct=nan
[2026-03-07 09:35:16] I (63908929) esp_clock: Last NTP/Matter compare 0.03 days ago | Current RTC Local = 2026-03-07 09:35:15 PST | RTC->NTP drift = 1.367 sec (RTC behind NTP) | RTC->Matter drift = 1.000 sec (RTC behind Matter)
[2026-03-07 09:40:16] I (64208954) esp_clock: CLOCK_STATUS context=periodic rtc_utc="2026-03-07 17:40:15 UTC" rtc_date_utc=2026-03-07 display_12h=09:40:15(AM) display_24h=09:40:15 sys_utc="2026-03-07 17:40:16 UTC" sys_utc_hms=17:40:16 utc_to_local_apply="-08:00" utc_to_local_offset_min=-480 temp_f=nan rh_pct=nan
[2026-03-07 09:40:16] I (64208968) esp_clock: Last NTP/Matter compare 0.03 days ago | Current RTC Local = 2026-03-07 09:40:15 PST | RTC->NTP drift = 1.367 sec (RTC behind NTP) | RTC->Matter drift = 1.000 sec (RTC behind Matter)
[2026-03-07 09:45:16] I (64508993) esp_clock: CLOCK_STATUS context=periodic rtc_utc="2026-03-07 17:45:15 UTC" rtc_date_utc=2026-03-07 display_12h=09:45:15(AM) display_24h=09:45:15 sys_utc="2026-03-07 17:45:16 UTC" sys_utc_hms=17:45:16 utc_to_local_apply="-08:00" utc_to_local_offset_min=-480 temp_f=nan rh_pct=nan
[2026-03-07 09:45:16] I (64509007) esp_clock: Last NTP/Matter compare 0.04 days ago | Current RTC Local = 2026-03-07 09:45:15 PST | RTC->NTP drift = 1.367 sec (RTC behind NTP) | RTC->Matter drift = 1.000 sec (RTC behind Matter)
[2026-03-07 09:50:16] I (64809029) esp_clock: CLOCK_STATUS context=periodic rtc_utc="2026-03-07 17:50:15 UTC" rtc_date_utc=2026-03-07 display_12h=09:50:15(AM) display_24h=09:50:15 sys_utc="2026-03-07 17:50:16 UTC" sys_utc_hms=17:50:16 utc_to_local_apply="-08:00" utc_to_local_offset_min=-480 temp_f=nan rh_pct=nan
[2026-03-07 09:50:16] I (64809043) esp_clock: Last NTP/Matter compare 0.04 days ago | Current RTC Local = 2026-03-07 09:50:15 PST | RTC->NTP drift = 1.367 sec (RTC behind NTP) | RTC->Matter drift = 1.000 sec (RTC behind Matter)
[2026-03-07 09:51:56] I (64909273) esp_clock: CLOCK_STATUS context=sync-pre rtc_utc="2026-03-07 17:51:55 UTC" rtc_date_utc=2026-03-07 display_12h=09:51:55(AM) display_24h=09:51:55 sys_utc="2026-03-07 17:51:56 UTC" sys_utc_hms=17:51:56 utc_to_local_apply="-08:00" utc_to_local_offset_min=-480 temp_f=nan rh_pct=nan
[2026-03-07 09:51:56] I (64909287) esp_clock: Last NTP/Matter compare 0.04 days ago | Current RTC Local = 2026-03-07 09:51:55 PST | RTC->NTP drift = 1.367 sec (RTC behind NTP) | RTC->Matter drift = 1.000 sec (RTC behind Matter)
[2026-03-07 09:51:56] I (64909305) esp_clock: RTC sync: start mode=compare+sync reason=periodic-hourly
[2026-03-07 09:51:56] I (64909313) esp_clock: RTC sync: starting one-shot fetch server=fd7f:4975:d3c5:4f0a:bc3e:5442:1e1a:1911 port=123 timeout=10000 ms
[2026-03-07 09:51:56] I (64909324) esp_clock: Thread netif already default (ntp-test)
[2026-03-07 09:51:59] I (64911745) esp_clock: RTC sync: fetch success server=fd7f:4975:d3c5:4f0a:bc3e:5442:1e1a:1911 epoch=1772905919.002599 elapsed=2415 ms
[2026-03-07 09:51:59] I (64911746) esp_clock: SYNC_METRIC reason=periodic-hourly phase=pre source=fd7f:4975:d3c5:4f0a:bc3e:5442:1e1a:1911 ntp_epoch=1772905919 ntp_usec=2599 sys_epoch=1772905919 sys_usec=2734 rtc_epoch=1772905918 drift_rtc_sec=1.0026 drift_sys_ms=0.135 write_phase_ms=nan
[2026-03-07 09:51:59] I (64911769) esp_clock: RTC sync: RTC is 1.0 seconds behind NTP
[2026-03-07 09:51:59] I (64911774) esp_clock: RTC sync: RTC drift 1.003 sec <= 2 sec, no write needed (reason=periodic-hourly)
[2026-03-07 09:51:59] I (64911784) esp_clock: SYNC_METRIC reason=periodic-hourly phase=post source=fd7f:4975:d3c5:4f0a:bc3e:5442:1e1a:1911 ntp_epoch=1772905919 ntp_usec=2599 sys_epoch=1772905919 sys_usec=41568 rtc_epoch=1772905918 drift_rtc_sec=1.0416 drift_sys_ms=38.969 write_phase_ms=nan
[2026-03-07 09:51:59] I (64911807) esp_clock: RTC sync: post-sync RTC is 1.0 seconds behind NTP
[2026-03-07 09:51:59] I (64911813) esp_clock: RTC sync: SUCCESS compare+sync complete (reason=periodic-hourly)
[2026-03-07 09:51:59] I (64911822) esp_clock: CLOCK_STATUS context=sync-post-ok rtc_utc="2026-03-07 17:51:58 UTC" rtc_date_utc=2026-03-07 display_12h=09:51:58(AM) display_24h=09:51:58 sys_utc="2026-03-07 17:51:59 UTC" sys_utc_hms=17:51:59 utc_to_local_apply="-08:00" utc_to_local_offset_min=-480 temp_f=nan rh_pct=nan
[2026-03-07 09:51:59] I (64911847) esp_clock: Last NTP/Matter compare 0.00 days ago | Current RTC Local = 2026-03-07 09:51:58 PST | RTC->NTP drift = 1.042 sec (RTC behind NTP) | RTC->Matter drift = 1.000 sec (RTC behind Matter)
[2026-03-07 09:55:16] I (65109066) esp_clock: CLOCK_STATUS context=periodic rtc_utc="2026-03-07 17:55:15 UTC" rtc_date_utc=2026-03-07 display_12h=09:55:15(AM) display_24h=09:55:15 sys_utc="2026-03-07 17:55:16 UTC" sys_utc_hms=17:55:16 utc_to_local_apply="-08:00" utc_to_local_offset_min=-480 temp_f=nan rh_pct=nan
[2026-03-07 09:55:16] I (65109080) esp_clock: Last NTP/Matter compare 0.00 days ago | Current RTC Local = 2026-03-07 09:55:15 PST | RTC->NTP drift = 1.042 sec (RTC behind NTP) | RTC->Matter drift = 1.000 sec (RTC behind Matter)
[2026-03-07 10:00:16] I (65409104) esp_clock: CLOCK_STATUS context=periodic rtc_utc="2026-03-07 18:00:15 UTC" rtc_date_utc=2026-03-07 display_12h=10:00:15(AM) display_24h=10:00:15 sys_utc="2026-03-07 18:00:16 UTC" sys_utc_hms=18:00:16 utc_to_local_apply="-08:00" utc_to_local_offset_min=-480 temp_f=nan rh_pct=nan
[2026-03-07 10:00:16] I (65409118) esp_clock: Last NTP/Matter compare 0.01 days ago | Current RTC Local = 2026-03-07 10:00:15 PST | RTC->NTP drift = 1.042 sec (RTC behind NTP) | RTC->Matter drift = 1.000 sec (RTC behind Matter)
[2026-03-07 10:05:16] I (65709141) esp_clock: CLOCK_STATUS context=periodic rtc_utc="2026-03-07 18:05:15 UTC" rtc_date_utc=2026-03-07 display_12h=10:05:15(AM) display_24h=10:05:15 sys_utc="2026-03-07 18:05:16 UTC" sys_utc_hms=18:05:16 utc_to_local_apply="-08:00" utc_to_local_offset_min=-480 temp_f=nan rh_pct=nan
[2026-03-07 10:05:16] I (65709155) esp_clock: Last NTP/Matter compare 0.01 days ago | Current RTC Local = 2026-03-07 10:05:15 PST | RTC->NTP drift = 1.042 sec (RTC behind NTP) | RTC->Matter drift = 1.000 sec (RTC behind Matter)
[2026-03-07 10:10:16] I (66009184) esp_clock: CLOCK_STATUS context=periodic rtc_utc="2026-03-07 18:10:15 UTC" rtc_date_utc=2026-03-07 display_12h=10:10:15(AM) display_24h=10:10:15 sys_utc="2026-03-07 18:10:16 UTC" sys_utc_hms=18:10:16 utc_to_local_apply="-08:00" utc_to_local_offset_min=-480 temp_f=nan rh_pct=nan
[2026-03-07 10:10:16] I (66009198) esp_clock: Last NTP/Matter compare 0.01 days ago | Current RTC Local = 2026-03-07 10:10:15 PST | RTC->NTP drift = 1.042 sec (RTC behind NTP) | RTC->Matter drift = 1.000 sec (RTC behind Matter)
[2026-03-07 10:15:16] I (66309221) esp_clock: CLOCK_STATUS context=periodic rtc_utc="2026-03-07 18:15:15 UTC" rtc_date_utc=2026-03-07 display_12h=10:15:15(AM) display_24h=10:15:15 sys_utc="2026-03-07 18:15:16 UTC" sys_utc_hms=18:15:16 utc_to_local_apply="-08:00" utc_to_local_offset_min=-480 temp_f=nan rh_pct=nan
[2026-03-07 10:15:16] I (66309235) esp_clock: Last NTP/Matter compare 0.02 days ago | Current RTC Local = 2026-03-07 10:15:15 PST | RTC->NTP drift = 1.042 sec (RTC behind NTP) | RTC->Matter drift = 1.000 sec (RTC behind Matter)
[2026-03-07 10:20:16] I (66609261) esp_clock: CLOCK_STATUS context=periodic rtc_utc="2026-03-07 18:20:15 UTC" rtc_date_utc=2026-03-07 display_12h=10:20:15(AM) display_24h=10:20:15 sys_utc="2026-03-07 18:20:16 UTC" sys_utc_hms=18:20:16 utc_to_local_apply="-08:00" utc_to_local_offset_min=-480 temp_f=nan rh_pct=nan
[2026-03-07 10:20:16] I (66609275) esp_clock: Last NTP/Matter compare 0.02 days ago | Current RTC Local = 2026-03-07 10:20:15 PST | RTC->NTP drift = 1.042 sec (RTC behind NTP) | RTC->Matter drift = 1.000 sec (RTC behind Matter)
[2026-03-07 10:25:16] I (66909299) esp_clock: CLOCK_STATUS context=periodic rtc_utc="2026-03-07 18:25:15 UTC" rtc_date_utc=2026-03-07 display_12h=10:25:15(AM) display_24h=10:25:15 sys_utc="2026-03-07 18:25:16 UTC" sys_utc_hms=18:25:16 utc_to_local_apply="-08:00" utc_to_local_offset_min=-480 temp_f=nan rh_pct=nan
[2026-03-07 10:25:16] I (66909313) esp_clock: Last NTP/Matter compare 0.02 days ago | Current RTC Local = 2026-03-07 10:25:15 PST | RTC->NTP drift = 1.042 sec (RTC behind NTP) | RTC->Matter drift = 1.000 sec (RTC behind Matter)
[2026-03-07 10:30:16] I (67209336) esp_clock: CLOCK_STATUS context=periodic rtc_utc="2026-03-07 18:30:15 UTC" rtc_date_utc=2026-03-07 display_12h=10:30:15(AM) display_24h=10:30:15 sys_utc="2026-03-07 18:30:16 UTC" sys_utc_hms=18:30:16 utc_to_local_apply="-08:00" utc_to_local_offset_min=-480 temp_f=nan rh_pct=nan
[2026-03-07 10:30:16] I (67209350) esp_clock: Last NTP/Matter compare 0.03 days ago | Current RTC Local = 2026-03-07 10:30:15 PST | RTC->NTP drift = 1.042 sec (RTC behind NTP) | RTC->Matter drift = 1.000 sec (RTC behind Matter)
[2026-03-07 10:35:16] I (67509371) esp_clock: CLOCK_STATUS context=periodic rtc_utc="2026-03-07 18:35:15 UTC" rtc_date_utc=2026-03-07 display_12h=10:35:15(AM) display_24h=10:35:15 sys_utc="2026-03-07 18:35:16 UTC" sys_utc_hms=18:35:16 utc_to_local_apply="-08:00" utc_to_local_offset_min=-480 temp_f=nan rh_pct=nan
[2026-03-07 10:35:16] I (67509385) esp_clock: Last NTP/Matter compare 0.03 days ago | Current RTC Local = 2026-03-07 10:35:15 PST | RTC->NTP drift = 1.042 sec (RTC behind NTP) | RTC->Matter drift = 1.000 sec (RTC behind Matter)
[2026-03-07 10:40:16] I (67809409) esp_clock: CLOCK_STATUS context=periodic rtc_utc="2026-03-07 18:40:15 UTC" rtc_date_utc=2026-03-07 display_12h=10:40:15(AM) display_24h=10:40:15 sys_utc="2026-03-07 18:40:16 UTC" sys_utc_hms=18:40:16 utc_to_local_apply="-08:00" utc_to_local_offset_min=-480 temp_f=nan rh_pct=nan
[2026-03-07 10:40:16] I (67809423) esp_clock: Last NTP/Matter compare 0.03 days ago | Current RTC Local = 2026-03-07 10:40:15 PST | RTC->NTP drift = 1.042 sec (RTC behind NTP) | RTC->Matter drift = 1.000 sec (RTC behind Matter)
[2026-03-07 10:45:16] I (68109449) esp_clock: CLOCK_STATUS context=periodic rtc_utc="2026-03-07 18:45:15 UTC" rtc_date_utc=2026-03-07 display_12h=10:45:15(AM) display_24h=10:45:15 sys_utc="2026-03-07 18:45:16 UTC" sys_utc_hms=18:45:16 utc_to_local_apply="-08:00" utc_to_local_offset_min=-480 temp_f=nan rh_pct=nan
[2026-03-07 10:45:16] I (68109464) esp_clock: Last NTP/Matter compare 0.04 days ago | Current RTC Local = 2026-03-07 10:45:15 PST | RTC->NTP drift = 1.042 sec (RTC behind NTP) | RTC->Matter drift = 1.000 sec (RTC behind Matter)
[2026-03-07 10:50:16] I (68409489) esp_clock: CLOCK_STATUS context=periodic rtc_utc="2026-03-07 18:50:15 UTC" rtc_date_utc=2026-03-07 display_12h=10:50:15(AM) display_24h=10:50:15 sys_utc="2026-03-07 18:50:16 UTC" sys_utc_hms=18:50:16 utc_to_local_apply="-08:00" utc_to_local_offset_min=-480 temp_f=nan rh_pct=nan
[2026-03-07 10:50:16] I (68409503) esp_clock: Last NTP/Matter compare 0.04 days ago | Current RTC Local = 2026-03-07 10:50:15 PST | RTC->NTP drift = 1.042 sec (RTC behind NTP) | RTC->Matter drift = 1.000 sec (RTC behind Matter)
[2026-03-07 10:51:59] I (68511865) esp_clock: CLOCK_STATUS context=sync-pre rtc_utc="2026-03-07 18:51:58 UTC" rtc_date_utc=2026-03-07 display_12h=10:51:58(AM) display_24h=10:51:58 sys_utc="2026-03-07 18:51:59 UTC" sys_utc_hms=18:51:59 utc_to_local_apply="-08:00" utc_to_local_offset_min=-480 temp_f=nan rh_pct=nan
[2026-03-07 10:51:59] I (68511880) esp_clock: Last NTP/Matter compare 0.04 days ago | Current RTC Local = 2026-03-07 10:51:58 PST | RTC->NTP drift = 1.042 sec (RTC behind NTP) | RTC->Matter drift = 1.000 sec (RTC behind Matter)
[2026-03-07 10:51:59] I (68511898) esp_clock: RTC sync: start mode=compare+sync reason=periodic-hourly
[2026-03-07 10:51:59] I (68511905) esp_clock: RTC sync: starting one-shot fetch server=fd7f:4975:d3c5:4f0a:bc3e:5442:1e1a:1911 port=123 timeout=10000 ms
[2026-03-07 10:51:59] I (68511916) esp_clock: Thread netif already default (ntp-test)
[2026-03-07 10:52:03] I (68516328) esp_clock: RTC sync: fetch success server=fd7f:4975:d3c5:4f0a:bc3e:5442:1e1a:1911 epoch=1772909523.667897 elapsed=4405 ms
[2026-03-07 10:52:03] I (68516329) esp_clock: SYNC_METRIC reason=periodic-hourly phase=pre source=fd7f:4975:d3c5:4f0a:bc3e:5442:1e1a:1911 ntp_epoch=1772909523 ntp_usec=667897 sys_epoch=1772909523 sys_usec=668024 rtc_epoch=1772909522 drift_rtc_sec=1.6679 drift_sys_ms=0.127 write_phase_ms=nan
[2026-03-07 10:52:03] I (68516352) esp_clock: RTC sync: RTC is 1.7 seconds behind NTP
[2026-03-07 10:52:03] I (68516358) esp_clock: RTC sync: RTC drift 1.668 sec <= 2 sec, no write needed (reason=periodic-hourly)
[2026-03-07 10:52:03] I (68516367) esp_clock: SYNC_METRIC reason=periodic-hourly phase=post source=fd7f:4975:d3c5:4f0a:bc3e:5442:1e1a:1911 ntp_epoch=1772909523 ntp_usec=667897 sys_epoch=1772909523 sys_usec=707206 rtc_epoch=1772909522 drift_rtc_sec=1.7072 drift_sys_ms=39.309 write_phase_ms=nan
[2026-03-07 10:52:03] I (68516391) esp_clock: RTC sync: post-sync RTC is 1.7 seconds behind NTP
[2026-03-07 10:52:03] I (68516397) esp_clock: RTC sync: SUCCESS compare+sync complete (reason=periodic-hourly)
[2026-03-07 10:52:03] I (68516406) esp_clock: CLOCK_STATUS context=sync-post-ok rtc_utc="2026-03-07 18:52:02 UTC" rtc_date_utc=2026-03-07 display_12h=10:52:02(AM) display_24h=10:52:02 sys_utc="2026-03-07 18:52:03 UTC" sys_utc_hms=18:52:03 utc_to_local_apply="-08:00" utc_to_local_offset_min=-480 temp_f=nan rh_pct=nan
[2026-03-07 10:52:03] I (68516431) esp_clock: Last NTP/Matter compare 0.00 days ago | Current RTC Local = 2026-03-07 10:52:02 PST | RTC->NTP drift = 1.707 sec (RTC behind NTP) | RTC->Matter drift = 1.000 sec (RTC behind Matter)
[2026-03-07 10:55:16] I (68709534) esp_clock: CLOCK_STATUS context=periodic rtc_utc="2026-03-07 18:55:15 UTC" rtc_date_utc=2026-03-07 display_12h=10:55:15(AM) display_24h=10:55:15 sys_utc="2026-03-07 18:55:16 UTC" sys_utc_hms=18:55:16 utc_to_local_apply="-08:00" utc_to_local_offset_min=-480 temp_f=nan rh_pct=nan
[2026-03-07 10:55:16] I (68709548) esp_clock: Last NTP/Matter compare 0.00 days ago | Current RTC Local = 2026-03-07 10:55:15 PST | RTC->NTP drift = 1.707 sec (RTC behind NTP) | RTC->Matter drift = 1.000 sec (RTC behind Matter)
[2026-03-07 11:00:16] I (69009569) esp_clock: CLOCK_STATUS context=periodic rtc_utc="2026-03-07 19:00:15 UTC" rtc_date_utc=2026-03-07 display_12h=11:00:15(AM) display_24h=11:00:15 sys_utc="2026-03-07 19:00:16 UTC" sys_utc_hms=19:00:16 utc_to_local_apply="-08:00" utc_to_local_offset_min=-480 temp_f=nan rh_pct=nan
[2026-03-07 11:00:16] I (69009584) esp_clock: Last NTP/Matter compare 0.01 days ago | Current RTC Local = 2026-03-07 11:00:15 PST | RTC->NTP drift = 1.707 sec (RTC behind NTP) | RTC->Matter drift = 1.000 sec (RTC behind Matter)
[2026-03-07 11:05:17] I (69309609) esp_clock: CLOCK_STATUS context=periodic rtc_utc="2026-03-07 19:05:15 UTC" rtc_date_utc=2026-03-07 display_12h=11:05:15(AM) display_24h=11:05:15 sys_utc="2026-03-07 19:05:16 UTC" sys_utc_hms=19:05:16 utc_to_local_apply="-08:00" utc_to_local_offset_min=-480 temp_f=nan rh_pct=nan
[2026-03-07 11:05:17] I (69309624) esp_clock: Last NTP/Matter compare 0.01 days ago | Current RTC Local = 2026-03-07 11:05:15 PST | RTC->NTP drift = 1.707 sec (RTC behind NTP) | RTC->Matter drift = 1.000 sec (RTC behind Matter)
[2026-03-07 11:10:17] I (69609649) esp_clock: CLOCK_STATUS context=periodic rtc_utc="2026-03-07 19:10:15 UTC" rtc_date_utc=2026-03-07 display_12h=11:10:15(AM) display_24h=11:10:15 sys_utc="2026-03-07 19:10:16 UTC" sys_utc_hms=19:10:16 utc_to_local_apply="-08:00" utc_to_local_offset_min=-480 temp_f=nan rh_pct=nan
[2026-03-07 11:10:17] I (69609663) esp_clock: Last NTP/Matter compare 0.01 days ago | Current RTC Local = 2026-03-07 11:10:15 PST | RTC->NTP drift = 1.707 sec (RTC behind NTP) | RTC->Matter drift = 2.000 sec (RTC behind Matter)
[2026-03-07 11:15:17] I (69909689) esp_clock: CLOCK_STATUS context=periodic rtc_utc="2026-03-07 19:15:16 UTC" rtc_date_utc=2026-03-07 display_12h=11:15:16(AM) display_24h=11:15:16 sys_utc="2026-03-07 19:15:17 UTC" sys_utc_hms=19:15:17 utc_to_local_apply="-08:00" utc_to_local_offset_min=-480 temp_f=nan rh_pct=nan
[2026-03-07 11:15:17] I (69909704) esp_clock: Last NTP/Matter compare 0.02 days ago | Current RTC Local = 2026-03-07 11:15:16 PST | RTC->NTP drift = 1.707 sec (RTC behind NTP) | RTC->Matter drift = 1.000 sec (RTC behind Matter)
[2026-03-07 11:20:17] I (70209727) esp_clock: CLOCK_STATUS context=periodic rtc_utc="2026-03-07 19:20:16 UTC" rtc_date_utc=2026-03-07 display_12h=11:20:16(AM) display_24h=11:20:16 sys_utc="2026-03-07 19:20:17 UTC" sys_utc_hms=19:20:17 utc_to_local_apply="-08:00" utc_to_local_offset_min=-480 temp_f=nan rh_pct=nan
[2026-03-07 11:20:17] I (70209742) esp_clock: Last NTP/Matter compare 0.02 days ago | Current RTC Local = 2026-03-07 11:20:16 PST | RTC->NTP drift = 1.707 sec (RTC behind NTP) | RTC->Matter drift = 1.000 sec (RTC behind Matter)
[2026-03-07 11:25:17] I (70509767) esp_clock: CLOCK_STATUS context=periodic rtc_utc="2026-03-07 19:25:16 UTC" rtc_date_utc=2026-03-07 display_12h=11:25:16(AM) display_24h=11:25:16 sys_utc="2026-03-07 19:25:17 UTC" sys_utc_hms=19:25:17 utc_to_local_apply="-08:00" utc_to_local_offset_min=-480 temp_f=nan rh_pct=nan
[2026-03-07 11:25:17] I (70509782) esp_clock: Last NTP/Matter compare 0.02 days ago | Current RTC Local = 2026-03-07 11:25:16 PST | RTC->NTP drift = 1.707 sec (RTC behind NTP) | RTC->Matter drift = 1.000 sec (RTC behind Matter)
[2026-03-07 11:30:17] I (70809805) esp_clock: CLOCK_STATUS context=periodic rtc_utc="2026-03-07 19:30:16 UTC" rtc_date_utc=2026-03-07 display_12h=11:30:16(AM) display_24h=11:30:16 sys_utc="2026-03-07 19:30:17 UTC" sys_utc_hms=19:30:17 utc_to_local_apply="-08:00" utc_to_local_offset_min=-480 temp_f=nan rh_pct=nan
[2026-03-07 11:30:17] I (70809820) esp_clock: Last NTP/Matter compare 0.03 days ago | Current RTC Local = 2026-03-07 11:30:16 PST | RTC->NTP drift = 1.707 sec (RTC behind NTP) | RTC->Matter drift = 1.000 sec (RTC behind Matter)
[2026-03-07 11:35:17] I (71109842) esp_clock: CLOCK_STATUS context=periodic rtc_utc="2026-03-07 19:35:16 UTC" rtc_date_utc=2026-03-07 display_12h=11:35:16(AM) display_24h=11:35:16 sys_utc="2026-03-07 19:35:17 UTC" sys_utc_hms=19:35:17 utc_to_local_apply="-08:00" utc_to_local_offset_min=-480 temp_f=nan rh_pct=nan
[2026-03-07 11:35:17] I (71109857) esp_clock: Last NTP/Matter compare 0.03 days ago | Current RTC Local = 2026-03-07 11:35:16 PST | RTC->NTP drift = 1.707 sec (RTC behind NTP) | RTC->Matter drift = 1.000 sec (RTC behind Matter)
[2026-03-07 11:40:17] I (71409881) esp_clock: CLOCK_STATUS context=periodic rtc_utc="2026-03-07 19:40:16 UTC" rtc_date_utc=2026-03-07 display_12h=11:40:16(AM) display_24h=11:40:16 sys_utc="2026-03-07 19:40:17 UTC" sys_utc_hms=19:40:17 utc_to_local_apply="-08:00" utc_to_local_offset_min=-480 temp_f=nan rh_pct=nan
[2026-03-07 11:40:17] I (71409895) esp_clock: Last NTP/Matter compare 0.03 days ago | Current RTC Local = 2026-03-07 11:40:16 PST | RTC->NTP drift = 1.707 sec (RTC behind NTP) | RTC->Matter drift = 1.000 sec (RTC behind Matter)
[2026-03-07 11:45:17] I (71709922) esp_clock: CLOCK_STATUS context=periodic rtc_utc="2026-03-07 19:45:16 UTC" rtc_date_utc=2026-03-07 display_12h=11:45:16(AM) display_24h=11:45:16 sys_utc="2026-03-07 19:45:17 UTC" sys_utc_hms=19:45:17 utc_to_local_apply="-08:00" utc_to_local_offset_min=-480 temp_f=nan rh_pct=nan
[2026-03-07 11:45:17] I (71709937) esp_clock: Last NTP/Matter compare 0.04 days ago | Current RTC Local = 2026-03-07 11:45:16 PST | RTC->NTP drift = 1.707 sec (RTC behind NTP) | RTC->Matter drift = 1.000 sec (RTC behind Matter)
[2026-03-07 11:50:17] I (72009957) esp_clock: CLOCK_STATUS context=periodic rtc_utc="2026-03-07 19:50:16 UTC" rtc_date_utc=2026-03-07 display_12h=11:50:16(AM) display_24h=11:50:16 sys_utc="2026-03-07 19:50:17 UTC" sys_utc_hms=19:50:17 utc_to_local_apply="-08:00" utc_to_local_offset_min=-480 temp_f=nan rh_pct=nan
[2026-03-07 11:50:17] I (72009972) esp_clock: Last NTP/Matter compare 0.04 days ago | Current RTC Local = 2026-03-07 11:50:16 PST | RTC->NTP drift = 1.707 sec (RTC behind NTP) | RTC->Matter drift = 1.000 sec (RTC behind Matter)
[2026-03-07 11:52:03] I (72116450) esp_clock: CLOCK_STATUS context=sync-pre rtc_utc="2026-03-07 19:52:02 UTC" rtc_date_utc=2026-03-07 display_12h=11:52:02(AM) display_24h=11:52:02 sys_utc="2026-03-07 19:52:03 UTC" sys_utc_hms=19:52:03 utc_to_local_apply="-08:00" utc_to_local_offset_min=-480 temp_f=nan rh_pct=nan
[2026-03-07 11:52:03] I (72116465) esp_clock: Last NTP/Matter compare 0.04 days ago | Current RTC Local = 2026-03-07 11:52:02 PST | RTC->NTP drift = 1.707 sec (RTC behind NTP) | RTC->Matter drift = 1.000 sec (RTC behind Matter)
[2026-03-07 11:52:03] I (72116482) esp_clock: RTC sync: start mode=compare+sync reason=periodic-hourly
[2026-03-07 11:52:03] I (72116490) esp_clock: RTC sync: starting one-shot fetch server=fd7f:4975:d3c5:4f0a:bc3e:5442:1e1a:1911 port=123 timeout=10000 ms
[2026-03-07 11:52:03] I (72116501) esp_clock: Thread netif already default (ntp-test)
[2026-03-07 11:52:08] I (72120845) esp_clock: RTC sync: fetch success server=fd7f:4975:d3c5:4f0a:bc3e:5442:1e1a:1911 epoch=1772913128.270951 elapsed=4338 ms
[2026-03-07 11:52:08] I (72120846) esp_clock: SYNC_METRIC reason=periodic-hourly phase=pre source=fd7f:4975:d3c5:4f0a:bc3e:5442:1e1a:1911 ntp_epoch=1772913128 ntp_usec=270951 sys_epoch=1772913128 sys_usec=271079 rtc_epoch=1772913127 drift_rtc_sec=1.2710 drift_sys_ms=0.128 write_phase_ms=nan
[2026-03-07 11:52:08] I (72120869) esp_clock: RTC sync: RTC is 1.3 seconds behind NTP
[2026-03-07 11:52:08] I (72120875) esp_clock: RTC sync: RTC drift 1.271 sec <= 2 sec, no write needed (reason=periodic-hourly)
[2026-03-07 11:52:08] I (72120885) esp_clock: SYNC_METRIC reason=periodic-hourly phase=post source=fd7f:4975:d3c5:4f0a:bc3e:5442:1e1a:1911 ntp_epoch=1772913128 ntp_usec=270951 sys_epoch=1772913128 sys_usec=310514 rtc_epoch=1772913127 drift_rtc_sec=1.3105 drift_sys_ms=39.563 write_phase_ms=nan
[2026-03-07 11:52:08] I (72120908) esp_clock: RTC sync: post-sync RTC is 1.3 seconds behind NTP
[2026-03-07 11:52:08] I (72120914) esp_clock: RTC sync: SUCCESS compare+sync complete (reason=periodic-hourly)
[2026-03-07 11:52:08] I (72120923) esp_clock: CLOCK_STATUS context=sync-post-ok rtc_utc="2026-03-07 19:52:07 UTC" rtc_date_utc=2026-03-07 display_12h=11:52:07(AM) display_24h=11:52:07 sys_utc="2026-03-07 19:52:08 UTC" sys_utc_hms=19:52:08 utc_to_local_apply="-08:00" utc_to_local_offset_min=-480 temp_f=nan rh_pct=nan
[2026-03-07 11:52:08] I (72120948) esp_clock: Last NTP/Matter compare 0.00 days ago | Current RTC Local = 2026-03-07 11:52:07 PST | RTC->NTP drift = 1.311 sec (RTC behind NTP) | RTC->Matter drift = 1.000 sec (RTC behind Matter)
[2026-03-07 11:55:17] I (72309997) esp_clock: CLOCK_STATUS context=periodic rtc_utc="2026-03-07 19:55:16 UTC" rtc_date_utc=2026-03-07 display_12h=11:55:16(AM) display_24h=11:55:16 sys_utc="2026-03-07 19:55:17 UTC" sys_utc_hms=19:55:17 utc_to_local_apply="-08:00" utc_to_local_offset_min=-480 temp_f=nan rh_pct=nan
[2026-03-07 11:55:17] I (72310012) esp_clock: Last NTP/Matter compare 0.00 days ago | Current RTC Local = 2026-03-07 11:55:16 PST | RTC->NTP drift = 1.311 sec (RTC behind NTP) | RTC->Matter drift = 1.000 sec (RTC behind Matter)
[2026-03-07 12:00:17] I (72610032) esp_clock: CLOCK_STATUS context=periodic rtc_utc="2026-03-07 20:00:16 UTC" rtc_date_utc=2026-03-07 display_12h=12:00:16(PM) display_24h=12:00:16 sys_utc="2026-03-07 20:00:17 UTC" sys_utc_hms=20:00:17 utc_to_local_apply="-08:00" utc_to_local_offset_min=-480 temp_f=nan rh_pct=nan
[2026-03-07 12:00:17] I (72610047) esp_clock: Last NTP/Matter compare 0.01 days ago | Current RTC Local = 2026-03-07 12:00:16 PST | RTC->NTP drift = 1.311 sec (RTC behind NTP) | RTC->Matter drift = 1.000 sec (RTC behind Matter)
[2026-03-07 12:05:17] I (72910069) esp_clock: CLOCK_STATUS context=periodic rtc_utc="2026-03-07 20:05:16 UTC" rtc_date_utc=2026-03-07 display_12h=12:05:16(PM) display_24h=12:05:16 sys_utc="2026-03-07 20:05:17 UTC" sys_utc_hms=20:05:17 utc_to_local_apply="-08:00" utc_to_local_offset_min=-480 temp_f=nan rh_pct=nan
[2026-03-07 12:05:17] I (72910083) esp_clock: Last NTP/Matter compare 0.01 days ago | Current RTC Local = 2026-03-07 12:05:16 PST | RTC->NTP drift = 1.311 sec (RTC behind NTP) | RTC->Matter drift = 1.000 sec (RTC behind Matter)
[2026-03-07 12:07:59] E (73071941) chip[DMG]: Fail to retrieve data, roll back and encode status on clusterId: 0x0000_0033, attributeId: 0x0000_0003err = 586
[2026-03-07 12:10:17] I (73210112) esp_clock: CLOCK_STATUS context=periodic rtc_utc="2026-03-07 20:10:16 UTC" rtc_date_utc=2026-03-07 display_12h=12:10:16(PM) display_24h=12:10:16 sys_utc="2026-03-07 20:10:17 UTC" sys_utc_hms=20:10:17 utc_to_local_apply="-08:00" utc_to_local_offset_min=-480 temp_f=nan rh_pct=nan
[2026-03-07 12:10:17] I (73210127) esp_clock: Last NTP/Matter compare 0.01 days ago | Current RTC Local = 2026-03-07 12:10:16 PST | RTC->NTP drift = 1.311 sec (RTC behind NTP) | RTC->Matter drift = 1.000 sec (RTC behind Matter)
[2026-03-07 12:15:17] I (73510151) esp_clock: CLOCK_STATUS context=periodic rtc_utc="2026-03-07 20:15:16 UTC" rtc_date_utc=2026-03-07 display_12h=12:15:16(PM) display_24h=12:15:16 sys_utc="2026-03-07 20:15:17 UTC" sys_utc_hms=20:15:17 utc_to_local_apply="-08:00" utc_to_local_offset_min=-480 temp_f=nan rh_pct=nan
[2026-03-07 12:15:17] I (73510165) esp_clock: Last NTP/Matter compare 0.02 days ago | Current RTC Local = 2026-03-07 12:15:16 PST | RTC->NTP drift = 1.311 sec (RTC behind NTP) | RTC->Matter drift = 1.000 sec (RTC behind Matter)
[2026-03-07 12:20:17] I (73810194) esp_clock: CLOCK_STATUS context=periodic rtc_utc="2026-03-07 20:20:16 UTC" rtc_date_utc=2026-03-07 display_12h=12:20:16(PM) display_24h=12:20:16 sys_utc="2026-03-07 20:20:17 UTC" sys_utc_hms=20:20:17 utc_to_local_apply="-08:00" utc_to_local_offset_min=-480 temp_f=nan rh_pct=nan
[2026-03-07 12:20:17] I (73810208) esp_clock: Last NTP/Matter compare 0.02 days ago | Current RTC Local = 2026-03-07 12:20:16 PST | RTC->NTP drift = 1.311 sec (RTC behind NTP) | RTC->Matter drift = 1.000 sec (RTC behind Matter)
[2026-03-07 12:25:17] I (74110229) esp_clock: CLOCK_STATUS context=periodic rtc_utc="2026-03-07 20:25:16 UTC" rtc_date_utc=2026-03-07 display_12h=12:25:16(PM) display_24h=12:25:16 sys_utc="2026-03-07 20:25:17 UTC" sys_utc_hms=20:25:17 utc_to_local_apply="-08:00" utc_to_local_offset_min=-480 temp_f=nan rh_pct=nan
[2026-03-07 12:25:17] I (74110243) esp_clock: Last NTP/Matter compare 0.02 days ago | Current RTC Local = 2026-03-07 12:25:16 PST | RTC->NTP drift = 1.311 sec (RTC behind NTP) | RTC->Matter drift = 1.000 sec (RTC behind Matter)
[2026-03-07 12:30:17] I (74410269) esp_clock: CLOCK_STATUS context=periodic rtc_utc="2026-03-07 20:30:16 UTC" rtc_date_utc=2026-03-07 display_12h=12:30:16(PM) display_24h=12:30:16 sys_utc="2026-03-07 20:30:17 UTC" sys_utc_hms=20:30:17 utc_to_local_apply="-08:00" utc_to_local_offset_min=-480 temp_f=nan rh_pct=nan
[2026-03-07 12:30:17] I (74410283) esp_clock: Last NTP/Matter compare 0.03 days ago | Current RTC Local = 2026-03-07 12:30:16 PST | RTC->NTP drift = 1.311 sec (RTC behind NTP) | RTC->Matter drift = 1.000 sec (RTC behind Matter)
[2026-03-07 12:35:17] I (74710305) esp_clock: CLOCK_STATUS context=periodic rtc_utc="2026-03-07 20:35:16 UTC" rtc_date_utc=2026-03-07 display_12h=12:35:16(PM) display_24h=12:35:16 sys_utc="2026-03-07 20:35:17 UTC" sys_utc_hms=20:35:17 utc_to_local_apply="-08:00" utc_to_local_offset_min=-480 temp_f=nan rh_pct=nan
[2026-03-07 12:35:17] I (74710320) esp_clock: Last NTP/Matter compare 0.03 days ago | Current RTC Local = 2026-03-07 12:35:16 PST | RTC->NTP drift = 1.311 sec (RTC behind NTP) | RTC->Matter drift = 1.000 sec (RTC behind Matter)
[2026-03-07 12:40:17] I (75010340) esp_clock: CLOCK_STATUS context=periodic rtc_utc="2026-03-07 20:40:16 UTC" rtc_date_utc=2026-03-07 display_12h=12:40:16(PM) display_24h=12:40:16 sys_utc="2026-03-07 20:40:17 UTC" sys_utc_hms=20:40:17 utc_to_local_apply="-08:00" utc_to_local_offset_min=-480 temp_f=nan rh_pct=nan
[2026-03-07 12:40:17] I (75010355) esp_clock: Last NTP/Matter compare 0.03 days ago | Current RTC Local = 2026-03-07 12:40:16 PST | RTC->NTP drift = 1.311 sec (RTC behind NTP) | RTC->Matter drift = 1.000 sec (RTC behind Matter)
[2026-03-07 12:45:17] I (75310386) esp_clock: CLOCK_STATUS context=periodic rtc_utc="2026-03-07 20:45:16 UTC" rtc_date_utc=2026-03-07 display_12h=12:45:16(PM) display_24h=12:45:16 sys_utc="2026-03-07 20:45:17 UTC" sys_utc_hms=20:45:17 utc_to_local_apply="-08:00" utc_to_local_offset_min=-480 temp_f=nan rh_pct=nan
[2026-03-07 12:45:17] I (75310400) esp_clock: Last NTP/Matter compare 0.04 days ago | Current RTC Local = 2026-03-07 12:45:16 PST | RTC->NTP drift = 1.311 sec (RTC behind NTP) | RTC->Matter drift = 1.000 sec (RTC behind Matter)
[2026-03-07 12:50:17] I (75610426) esp_clock: CLOCK_STATUS context=periodic rtc_utc="2026-03-07 20:50:16 UTC" rtc_date_utc=2026-03-07 display_12h=12:50:16(PM) display_24h=12:50:16 sys_utc="2026-03-07 20:50:17 UTC" sys_utc_hms=20:50:17 utc_to_local_apply="-08:00" utc_to_local_offset_min=-480 temp_f=nan rh_pct=nan
[2026-03-07 12:50:17] I (75610440) esp_clock: Last NTP/Matter compare 0.04 days ago | Current RTC Local = 2026-03-07 12:50:16 PST | RTC->NTP drift = 1.311 sec (RTC behind NTP) | RTC->Matter drift = 1.000 sec (RTC behind Matter)
[2026-03-07 12:52:08] I (75720966) esp_clock: CLOCK_STATUS context=sync-pre rtc_utc="2026-03-07 20:52:07 UTC" rtc_date_utc=2026-03-07 display_12h=12:52:07(PM) display_24h=12:52:07 sys_utc="2026-03-07 20:52:08 UTC" sys_utc_hms=20:52:08 utc_to_local_apply="-08:00" utc_to_local_offset_min=-480 temp_f=nan rh_pct=nan
[2026-03-07 12:52:08] I (75720981) esp_clock: Last NTP/Matter compare 0.04 days ago | Current RTC Local = 2026-03-07 12:52:07 PST | RTC->NTP drift = 1.311 sec (RTC behind NTP) | RTC->Matter drift = 1.000 sec (RTC behind Matter)
[2026-03-07 12:52:08] I (75720999) esp_clock: RTC sync: start mode=compare+sync reason=periodic-hourly
[2026-03-07 12:52:08] I (75721007) esp_clock: RTC sync: starting one-shot fetch server=fd7f:4975:d3c5:4f0a:bc3e:5442:1e1a:1911 port=123 timeout=10000 ms
[2026-03-07 12:52:08] I (75721018) esp_clock: Thread netif already default (ntp-test)
[2026-03-07 12:52:09] I (75721800) esp_clock: RTC sync: fetch success server=fd7f:4975:d3c5:4f0a:bc3e:5442:1e1a:1911 epoch=1772916729.309609 elapsed=776 ms
[2026-03-07 12:52:09] I (75721801) esp_clock: SYNC_METRIC reason=periodic-hourly phase=pre source=fd7f:4975:d3c5:4f0a:bc3e:5442:1e1a:1911 ntp_epoch=1772916729 ntp_usec=309609 sys_epoch=1772916729 sys_usec=309745 rtc_epoch=1772916728 drift_rtc_sec=1.3096 drift_sys_ms=0.136 write_phase_ms=nan
[2026-03-07 12:52:09] I (75721824) esp_clock: RTC sync: RTC is 1.3 seconds behind NTP
[2026-03-07 12:52:09] I (75721829) esp_clock: RTC sync: RTC drift 1.310 sec <= 2 sec, no write needed (reason=periodic-hourly)
[2026-03-07 12:52:09] I (75721839) esp_clock: SYNC_METRIC reason=periodic-hourly phase=post source=fd7f:4975:d3c5:4f0a:bc3e:5442:1e1a:1911 ntp_epoch=1772916729 ntp_usec=309609 sys_epoch=1772916729 sys_usec=348838 rtc_epoch=1772916728 drift_rtc_sec=1.3488 drift_sys_ms=39.229 write_phase_ms=nan
[2026-03-07 12:52:09] I (75721862) esp_clock: RTC sync: post-sync RTC is 1.3 seconds behind NTP
[2026-03-07 12:52:09] I (75721869) esp_clock: RTC sync: SUCCESS compare+sync complete (reason=periodic-hourly)
[2026-03-07 12:52:09] I (75721878) esp_clock: CLOCK_STATUS context=sync-post-ok rtc_utc="2026-03-07 20:52:08 UTC" rtc_date_utc=2026-03-07 display_12h=12:52:08(PM) display_24h=12:52:08 sys_utc="2026-03-07 20:52:09 UTC" sys_utc_hms=20:52:09 utc_to_local_apply="-08:00" utc_to_local_offset_min=-480 temp_f=nan rh_pct=nan
[2026-03-07 12:52:09] I (75721903) esp_clock: Last NTP/Matter compare 0.00 days ago | Current RTC Local = 2026-03-07 12:52:08 PST | RTC->NTP drift = 1.349 sec (RTC behind NTP) | RTC->Matter drift = 1.000 sec (RTC behind Matter)
[2026-03-07 12:55:18] I (75910464) esp_clock: CLOCK_STATUS context=periodic rtc_utc="2026-03-07 20:55:16 UTC" rtc_date_utc=2026-03-07 display_12h=12:55:16(PM) display_24h=12:55:16 sys_utc="2026-03-07 20:55:17 UTC" sys_utc_hms=20:55:17 utc_to_local_apply="-08:00" utc_to_local_offset_min=-480 temp_f=nan rh_pct=nan
[2026-03-07 12:55:18] I (75910479) esp_clock: Last NTP/Matter compare 0.00 days ago | Current RTC Local = 2026-03-07 12:55:16 PST | RTC->NTP drift = 1.349 sec (RTC behind NTP) | RTC->Matter drift = 1.000 sec (RTC behind Matter)
[2026-03-07 13:00:18] I (76210507) esp_clock: CLOCK_STATUS context=periodic rtc_utc="2026-03-07 21:00:16 UTC" rtc_date_utc=2026-03-07 display_12h=01:00:16(PM) display_24h=13:00:16 sys_utc="2026-03-07 21:00:18 UTC" sys_utc_hms=21:00:18 utc_to_local_apply="-08:00" utc_to_local_offset_min=-480 temp_f=nan rh_pct=nan
[2026-03-07 13:00:18] I (76210522) esp_clock: Last NTP/Matter compare 0.01 days ago | Current RTC Local = 2026-03-07 13:00:16 PST | RTC->NTP drift = 1.349 sec (RTC behind NTP) | RTC->Matter drift = 2.000 sec (RTC behind Matter)
[2026-03-07 13:05:18] I (76510542) esp_clock: CLOCK_STATUS context=periodic rtc_utc="2026-03-07 21:05:16 UTC" rtc_date_utc=2026-03-07 display_12h=01:05:16(PM) display_24h=13:05:16 sys_utc="2026-03-07 21:05:18 UTC" sys_utc_hms=21:05:18 utc_to_local_apply="-08:00" utc_to_local_offset_min=-480 temp_f=nan rh_pct=nan
[2026-03-07 13:05:18] I (76510557) esp_clock: Last NTP/Matter compare 0.01 days ago | Current RTC Local = 2026-03-07 13:05:16 PST | RTC->NTP drift = 1.349 sec (RTC behind NTP) | RTC->Matter drift = 2.000 sec (RTC behind Matter)
[2026-03-07 13:10:18] I (76810584) esp_clock: CLOCK_STATUS context=periodic rtc_utc="2026-03-07 21:10:17 UTC" rtc_date_utc=2026-03-07 display_12h=01:10:17(PM) display_24h=13:10:17 sys_utc="2026-03-07 21:10:18 UTC" sys_utc_hms=21:10:18 utc_to_local_apply="-08:00" utc_to_local_offset_min=-480 temp_f=nan rh_pct=nan
[2026-03-07 13:10:18] I (76810598) esp_clock: Last NTP/Matter compare 0.01 days ago | Current RTC Local = 2026-03-07 13:10:17 PST | RTC->NTP drift = 1.349 sec (RTC behind NTP) | RTC->Matter drift = 1.000 sec (RTC behind Matter)
[2026-03-07 13:15:18] I (77110625) esp_clock: CLOCK_STATUS context=periodic rtc_utc="2026-03-07 21:15:17 UTC" rtc_date_utc=2026-03-07 display_12h=01:15:17(PM) display_24h=13:15:17 sys_utc="2026-03-07 21:15:18 UTC" sys_utc_hms=21:15:18 utc_to_local_apply="-08:00" utc_to_local_offset_min=-480 temp_f=nan rh_pct=nan
[2026-03-07 13:15:18] I (77110640) esp_clock: Last NTP/Matter compare 0.02 days ago | Current RTC Local = 2026-03-07 13:15:17 PST | RTC->NTP drift = 1.349 sec (RTC behind NTP) | RTC->Matter drift = 1.000 sec (RTC behind Matter)
[2026-03-07 13:20:18] I (77410668) esp_clock: CLOCK_STATUS context=periodic rtc_utc="2026-03-07 21:20:17 UTC" rtc_date_utc=2026-03-07 display_12h=01:20:17(PM) display_24h=13:20:17 sys_utc="2026-03-07 21:20:18 UTC" sys_utc_hms=21:20:18 utc_to_local_apply="-08:00" utc_to_local_offset_min=-480 temp_f=nan rh_pct=nan
[2026-03-07 13:20:18] I (77410682) esp_clock: Last NTP/Matter compare 0.02 days ago | Current RTC Local = 2026-03-07 13:20:17 PST | RTC->NTP drift = 1.349 sec (RTC behind NTP) | RTC->Matter drift = 1.000 sec (RTC behind Matter)
[2026-03-07 13:25:18] I (77710709) esp_clock: CLOCK_STATUS context=periodic rtc_utc="2026-03-07 21:25:17 UTC" rtc_date_utc=2026-03-07 display_12h=01:25:17(PM) display_24h=13:25:17 sys_utc="2026-03-07 21:25:18 UTC" sys_utc_hms=21:25:18 utc_to_local_apply="-08:00" utc_to_local_offset_min=-480 temp_f=nan rh_pct=nan
[2026-03-07 13:25:18] I (77710723) esp_clock: Last NTP/Matter compare 0.02 days ago | Current RTC Local = 2026-03-07 13:25:17 PST | RTC->NTP drift = 1.349 sec (RTC behind NTP) | RTC->Matter drift = 1.000 sec (RTC behind Matter)
[2026-03-07 13:30:18] I (78010751) esp_clock: CLOCK_STATUS context=periodic rtc_utc="2026-03-07 21:30:17 UTC" rtc_date_utc=2026-03-07 display_12h=01:30:17(PM) display_24h=13:30:17 sys_utc="2026-03-07 21:30:18 UTC" sys_utc_hms=21:30:18 utc_to_local_apply="-08:00" utc_to_local_offset_min=-480 temp_f=nan rh_pct=nan
[2026-03-07 13:30:18] I (78010766) esp_clock: Last NTP/Matter compare 0.03 days ago | Current RTC Local = 2026-03-07 13:30:17 PST | RTC->NTP drift = 1.349 sec (RTC behind NTP) | RTC->Matter drift = 1.000 sec (RTC behind Matter)
[2026-03-07 13:35:18] I (78310787) esp_clock: CLOCK_STATUS context=periodic rtc_utc="2026-03-07 21:35:17 UTC" rtc_date_utc=2026-03-07 display_12h=01:35:17(PM) display_24h=13:35:17 sys_utc="2026-03-07 21:35:18 UTC" sys_utc_hms=21:35:18 utc_to_local_apply="-08:00" utc_to_local_offset_min=-480 temp_f=nan rh_pct=nan
[2026-03-07 13:35:18] I (78310802) esp_clock: Last NTP/Matter compare 0.03 days ago | Current RTC Local = 2026-03-07 13:35:17 PST | RTC->NTP drift = 1.349 sec (RTC behind NTP) | RTC->Matter drift = 1.000 sec (RTC behind Matter)
[2026-03-07 13:40:18] I (78610823) esp_clock: CLOCK_STATUS context=periodic rtc_utc="2026-03-07 21:40:17 UTC" rtc_date_utc=2026-03-07 display_12h=01:40:17(PM) display_24h=13:40:17 sys_utc="2026-03-07 21:40:18 UTC" sys_utc_hms=21:40:18 utc_to_local_apply="-08:00" utc_to_local_offset_min=-480 temp_f=nan rh_pct=nan
[2026-03-07 13:40:18] I (78610837) esp_clock: Last NTP/Matter compare 0.03 days ago | Current RTC Local = 2026-03-07 13:40:17 PST | RTC->NTP drift = 1.349 sec (RTC behind NTP) | RTC->Matter drift = 1.000 sec (RTC behind Matter)
[2026-03-07 13:45:18] I (78910859) esp_clock: CLOCK_STATUS context=periodic rtc_utc="2026-03-07 21:45:17 UTC" rtc_date_utc=2026-03-07 display_12h=01:45:17(PM) display_24h=13:45:17 sys_utc="2026-03-07 21:45:18 UTC" sys_utc_hms=21:45:18 utc_to_local_apply="-08:00" utc_to_local_offset_min=-480 temp_f=nan rh_pct=nan
[2026-03-07 13:45:18] I (78910873) esp_clock: Last NTP/Matter compare 0.04 days ago | Current RTC Local = 2026-03-07 13:45:17 PST | RTC->NTP drift = 1.349 sec (RTC behind NTP) | RTC->Matter drift = 1.000 sec (RTC behind Matter)
[2026-03-07 13:50:18] I (79210892) esp_clock: CLOCK_STATUS context=periodic rtc_utc="2026-03-07 21:50:17 UTC" rtc_date_utc=2026-03-07 display_12h=01:50:17(PM) display_24h=13:50:17 sys_utc="2026-03-07 21:50:18 UTC" sys_utc_hms=21:50:18 utc_to_local_apply="-08:00" utc_to_local_offset_min=-480 temp_f=nan rh_pct=nan
[2026-03-07 13:50:18] I (79210907) esp_clock: Last NTP/Matter compare 0.04 days ago | Current RTC Local = 2026-03-07 13:50:17 PST | RTC->NTP drift = 1.349 sec (RTC behind NTP) | RTC->Matter drift = 1.000 sec (RTC behind Matter)
[2026-03-07 13:52:09] I (79321920) esp_clock: CLOCK_STATUS context=sync-pre rtc_utc="2026-03-07 21:52:08 UTC" rtc_date_utc=2026-03-07 display_12h=01:52:08(PM) display_24h=13:52:08 sys_utc="2026-03-07 21:52:09 UTC" sys_utc_hms=21:52:09 utc_to_local_apply="-08:00" utc_to_local_offset_min=-480 temp_f=nan rh_pct=nan
[2026-03-07 13:52:09] I (79321935) esp_clock: Last NTP/Matter compare 0.04 days ago | Current RTC Local = 2026-03-07 13:52:08 PST | RTC->NTP drift = 1.349 sec (RTC behind NTP) | RTC->Matter drift = 1.000 sec (RTC behind Matter)
[2026-03-07 13:52:09] I (79321953) esp_clock: RTC sync: start mode=compare+sync reason=periodic-hourly
[2026-03-07 13:52:09] I (79321960) esp_clock: RTC sync: starting one-shot fetch server=fd7f:4975:d3c5:4f0a:bc3e:5442:1e1a:1911 port=123 timeout=10000 ms
[2026-03-07 13:52:09] I (79321971) esp_clock: Thread netif already default (ntp-test)
[2026-03-07 13:52:11] I (79323985) esp_clock: RTC sync: fetch success server=fd7f:4975:d3c5:4f0a:bc3e:5442:1e1a:1911 epoch=1772920331.579281 elapsed=2008 ms
[2026-03-07 13:52:11] I (79323987) esp_clock: SYNC_METRIC reason=periodic-hourly phase=pre source=fd7f:4975:d3c5:4f0a:bc3e:5442:1e1a:1911 ntp_epoch=1772920331 ntp_usec=579281 sys_epoch=1772920331 sys_usec=579409 rtc_epoch=1772920330 drift_rtc_sec=1.5793 drift_sys_ms=0.128 write_phase_ms=nan
[2026-03-07 13:52:11] I (79324010) esp_clock: RTC sync: RTC is 1.6 seconds behind NTP
[2026-03-07 13:52:11] I (79324015) esp_clock: RTC sync: RTC drift 1.579 sec <= 2 sec, no write needed (reason=periodic-hourly)
[2026-03-07 13:52:11] I (79324025) esp_clock: SYNC_METRIC reason=periodic-hourly phase=post source=fd7f:4975:d3c5:4f0a:bc3e:5442:1e1a:1911 ntp_epoch=1772920331 ntp_usec=579281 sys_epoch=1772920331 sys_usec=618606 rtc_epoch=1772920330 drift_rtc_sec=1.6186 drift_sys_ms=39.325 write_phase_ms=nan
[2026-03-07 13:52:11] I (79324048) esp_clock: RTC sync: post-sync RTC is 1.6 seconds behind NTP
[2026-03-07 13:52:11] I (79324055) esp_clock: RTC sync: SUCCESS compare+sync complete (reason=periodic-hourly)
[2026-03-07 13:52:11] I (79324063) esp_clock: CLOCK_STATUS context=sync-post-ok rtc_utc="2026-03-07 21:52:10 UTC" rtc_date_utc=2026-03-07 display_12h=01:52:10(PM) display_24h=13:52:10 sys_utc="2026-03-07 21:52:11 UTC" sys_utc_hms=21:52:11 utc_to_local_apply="-08:00" utc_to_local_offset_min=-480 temp_f=nan rh_pct=nan
[2026-03-07 13:52:11] I (79324088) esp_clock: Last NTP/Matter compare 0.00 days ago | Current RTC Local = 2026-03-07 13:52:10 PST | RTC->NTP drift = 1.619 sec (RTC behind NTP) | RTC->Matter drift = 1.000 sec (RTC behind Matter)
[2026-03-07 13:55:18] I (79510932) esp_clock: CLOCK_STATUS context=periodic rtc_utc="2026-03-07 21:55:17 UTC" rtc_date_utc=2026-03-07 display_12h=01:55:17(PM) display_24h=13:55:17 sys_utc="2026-03-07 21:55:18 UTC" sys_utc_hms=21:55:18 utc_to_local_apply="-08:00" utc_to_local_offset_min=-480 temp_f=nan rh_pct=nan
[2026-03-07 13:55:18] I (79510947) esp_clock: Last NTP/Matter compare 0.00 days ago | Current RTC Local = 2026-03-07 13:55:17 PST | RTC->NTP drift = 1.619 sec (RTC behind NTP) | RTC->Matter drift = 1.000 sec (RTC behind Matter)
[2026-03-07 14:00:18] I (79810971) esp_clock: CLOCK_STATUS context=periodic rtc_utc="2026-03-07 22:00:17 UTC" rtc_date_utc=2026-03-07 display_12h=02:00:17(PM) display_24h=14:00:17 sys_utc="2026-03-07 22:00:18 UTC" sys_utc_hms=22:00:18 utc_to_local_apply="-08:00" utc_to_local_offset_min=-480 temp_f=nan rh_pct=nan
[2026-03-07 14:00:18] I (79810986) esp_clock: Last NTP/Matter compare 0.01 days ago | Current RTC Local = 2026-03-07 14:00:17 PST | RTC->NTP drift = 1.619 sec (RTC behind NTP) | RTC->Matter drift = 1.000 sec (RTC behind Matter)
[2026-03-07 14:05:18] I (80111009) esp_clock: CLOCK_STATUS context=periodic rtc_utc="2026-03-07 22:05:17 UTC" rtc_date_utc=2026-03-07 display_12h=02:05:17(PM) display_24h=14:05:17 sys_utc="2026-03-07 22:05:18 UTC" sys_utc_hms=22:05:18 utc_to_local_apply="-08:00" utc_to_local_offset_min=-480 temp_f=nan rh_pct=nan
[2026-03-07 14:05:18] I (80111023) esp_clock: Last NTP/Matter compare 0.01 days ago | Current RTC Local = 2026-03-07 14:05:17 PST | RTC->NTP drift = 1.619 sec (RTC behind NTP) | RTC->Matter drift = 1.000 sec (RTC behind Matter)
[2026-03-07 14:10:18] I (80411049) esp_clock: CLOCK_STATUS context=periodic rtc_utc="2026-03-07 22:10:17 UTC" rtc_date_utc=2026-03-07 display_12h=02:10:17(PM) display_24h=14:10:17 sys_utc="2026-03-07 22:10:18 UTC" sys_utc_hms=22:10:18 utc_to_local_apply="-08:00" utc_to_local_offset_min=-480 temp_f=nan rh_pct=nan
[2026-03-07 14:10:18] I (80411064) esp_clock: Last NTP/Matter compare 0.01 days ago | Current RTC Local = 2026-03-07 14:10:17 PST | RTC->NTP drift = 1.619 sec (RTC behind NTP) | RTC->Matter drift = 1.000 sec (RTC behind Matter)
[2026-03-07 14:15:18] I (80711088) esp_clock: CLOCK_STATUS context=periodic rtc_utc="2026-03-07 22:15:17 UTC" rtc_date_utc=2026-03-07 display_12h=02:15:17(PM) display_24h=14:15:17 sys_utc="2026-03-07 22:15:18 UTC" sys_utc_hms=22:15:18 utc_to_local_apply="-08:00" utc_to_local_offset_min=-480 temp_f=nan rh_pct=nan
[2026-03-07 14:15:18] I (80711103) esp_clock: Last NTP/Matter compare 0.02 days ago | Current RTC Local = 2026-03-07 14:15:17 PST | RTC->NTP drift = 1.619 sec (RTC behind NTP) | RTC->Matter drift = 1.000 sec (RTC behind Matter)
[2026-03-07 14:20:18] I (81011127) esp_clock: CLOCK_STATUS context=periodic rtc_utc="2026-03-07 22:20:17 UTC" rtc_date_utc=2026-03-07 display_12h=02:20:17(PM) display_24h=14:20:17 sys_utc="2026-03-07 22:20:18 UTC" sys_utc_hms=22:20:18 utc_to_local_apply="-08:00" utc_to_local_offset_min=-480 temp_f=nan rh_pct=nan
[2026-03-07 14:20:18] I (81011142) esp_clock: Last NTP/Matter compare 0.02 days ago | Current RTC Local = 2026-03-07 14:20:17 PST | RTC->NTP drift = 1.619 sec (RTC behind NTP) | RTC->Matter drift = 1.000 sec (RTC behind Matter)
[2026-03-07 14:25:18] I (81311166) esp_clock: CLOCK_STATUS context=periodic rtc_utc="2026-03-07 22:25:17 UTC" rtc_date_utc=2026-03-07 display_12h=02:25:17(PM) display_24h=14:25:17 sys_utc="2026-03-07 22:25:18 UTC" sys_utc_hms=22:25:18 utc_to_local_apply="-08:00" utc_to_local_offset_min=-480 temp_f=nan rh_pct=nan
[2026-03-07 14:25:18] I (81311180) esp_clock: Last NTP/Matter compare 0.02 days ago | Current RTC Local = 2026-03-07 14:25:17 PST | RTC->NTP drift = 1.619 sec (RTC behind NTP) | RTC->Matter drift = 1.000 sec (RTC behind Matter)
[2026-03-07 14:30:18] I (81611201) esp_clock: CLOCK_STATUS context=periodic rtc_utc="2026-03-07 22:30:17 UTC" rtc_date_utc=2026-03-07 display_12h=02:30:17(PM) display_24h=14:30:17 sys_utc="2026-03-07 22:30:18 UTC" sys_utc_hms=22:30:18 utc_to_local_apply="-08:00" utc_to_local_offset_min=-480 temp_f=nan rh_pct=nan
[2026-03-07 14:30:18] I (81611215) esp_clock: Last NTP/Matter compare 0.03 days ago | Current RTC Local = 2026-03-07 14:30:17 PST | RTC->NTP drift = 1.619 sec (RTC behind NTP) | RTC->Matter drift = 1.000 sec (RTC behind Matter)
[2026-03-07 14:35:18] I (81911239) esp_clock: CLOCK_STATUS context=periodic rtc_utc="2026-03-07 22:35:17 UTC" rtc_date_utc=2026-03-07 display_12h=02:35:17(PM) display_24h=14:35:17 sys_utc="2026-03-07 22:35:18 UTC" sys_utc_hms=22:35:18 utc_to_local_apply="-08:00" utc_to_local_offset_min=-480 temp_f=nan rh_pct=nan
[2026-03-07 14:35:18] I (81911253) esp_clock: Last NTP/Matter compare 0.03 days ago | Current RTC Local = 2026-03-07 14:35:17 PST | RTC->NTP drift = 1.619 sec (RTC behind NTP) | RTC->Matter drift = 1.000 sec (RTC behind Matter)
[2026-03-07 14:40:18] I (82211282) esp_clock: CLOCK_STATUS context=periodic rtc_utc="2026-03-07 22:40:17 UTC" rtc_date_utc=2026-03-07 display_12h=02:40:17(PM) display_24h=14:40:17 sys_utc="2026-03-07 22:40:18 UTC" sys_utc_hms=22:40:18 utc_to_local_apply="-08:00" utc_to_local_offset_min=-480 temp_f=nan rh_pct=nan
[2026-03-07 14:40:19] I (82211297) esp_clock: Last NTP/Matter compare 0.03 days ago | Current RTC Local = 2026-03-07 14:40:17 PST | RTC->NTP drift = 1.619 sec (RTC behind NTP) | RTC->Matter drift = 1.000 sec (RTC behind Matter)
[2026-03-07 14:45:19] I (82511319) esp_clock: CLOCK_STATUS context=periodic rtc_utc="2026-03-07 22:45:17 UTC" rtc_date_utc=2026-03-07 display_12h=02:45:17(PM) display_24h=14:45:17 sys_utc="2026-03-07 22:45:18 UTC" sys_utc_hms=22:45:18 utc_to_local_apply="-08:00" utc_to_local_offset_min=-480 temp_f=nan rh_pct=nan
[2026-03-07 14:45:19] I (82511333) esp_clock: Last NTP/Matter compare 0.04 days ago | Current RTC Local = 2026-03-07 14:45:17 PST | RTC->NTP drift = 1.619 sec (RTC behind NTP) | RTC->Matter drift = 1.000 sec (RTC behind Matter)
[2026-03-07 14:50:19] I (82811362) esp_clock: CLOCK_STATUS context=periodic rtc_utc="2026-03-07 22:50:17 UTC" rtc_date_utc=2026-03-07 display_12h=02:50:17(PM) display_24h=14:50:17 sys_utc="2026-03-07 22:50:18 UTC" sys_utc_hms=22:50:18 utc_to_local_apply="-08:00" utc_to_local_offset_min=-480 temp_f=nan rh_pct=nan
[2026-03-07 14:50:19] I (82811377) esp_clock: Last NTP/Matter compare 0.04 days ago | Current RTC Local = 2026-03-07 14:50:17 PST | RTC->NTP drift = 1.619 sec (RTC behind NTP) | RTC->Matter drift = 1.000 sec (RTC behind Matter)
[2026-03-07 14:52:11] I (82924106) esp_clock: CLOCK_STATUS context=sync-pre rtc_utc="2026-03-07 22:52:10 UTC" rtc_date_utc=2026-03-07 display_12h=02:52:10(PM) display_24h=14:52:10 sys_utc="2026-03-07 22:52:11 UTC" sys_utc_hms=22:52:11 utc_to_local_apply="-08:00" utc_to_local_offset_min=-480 temp_f=nan rh_pct=nan
[2026-03-07 14:52:11] I (82924121) esp_clock: Last NTP/Matter compare 0.04 days ago | Current RTC Local = 2026-03-07 14:52:10 PST | RTC->NTP drift = 1.619 sec (RTC behind NTP) | RTC->Matter drift = 1.000 sec (RTC behind Matter)
[2026-03-07 14:52:11] I (82924139) esp_clock: RTC sync: start mode=compare+sync reason=periodic-hourly
[2026-03-07 14:52:11] I (82924147) esp_clock: RTC sync: starting one-shot fetch server=fd7f:4975:d3c5:4f0a:bc3e:5442:1e1a:1911 port=123 timeout=10000 ms
[2026-03-07 14:52:11] I (82924158) esp_clock: Thread netif already default (ntp-test)
[2026-03-07 14:52:12] I (82924730) esp_clock: RTC sync: fetch success server=fd7f:4975:d3c5:4f0a:bc3e:5442:1e1a:1911 epoch=1772923932.409696 elapsed=566 ms
[2026-03-07 14:52:12] I (82924731) esp_clock: SYNC_METRIC reason=periodic-hourly phase=pre source=fd7f:4975:d3c5:4f0a:bc3e:5442:1e1a:1911 ntp_epoch=1772923932 ntp_usec=409696 sys_epoch=1772923932 sys_usec=409824 rtc_epoch=1772923931 drift_rtc_sec=1.4097 drift_sys_ms=0.128 write_phase_ms=nan
[2026-03-07 14:52:12] I (82924754) esp_clock: RTC sync: RTC is 1.4 seconds behind NTP
[2026-03-07 14:52:12] I (82924760) esp_clock: RTC sync: RTC drift 1.410 sec <= 2 sec, no write needed (reason=periodic-hourly)
[2026-03-07 14:52:12] I (82924769) esp_clock: SYNC_METRIC reason=periodic-hourly phase=post source=fd7f:4975:d3c5:4f0a:bc3e:5442:1e1a:1911 ntp_epoch=1772923932 ntp_usec=409696 sys_epoch=1772923932 sys_usec=448916 rtc_epoch=1772923931 drift_rtc_sec=1.4489 drift_sys_ms=39.220 write_phase_ms=nan
[2026-03-07 14:52:12] I (82924792) esp_clock: RTC sync: post-sync RTC is 1.4 seconds behind NTP
[2026-03-07 14:52:12] I (82924799) esp_clock: RTC sync: SUCCESS compare+sync complete (reason=periodic-hourly)
[2026-03-07 14:52:12] I (82924808) esp_clock: CLOCK_STATUS context=sync-post-ok rtc_utc="2026-03-07 22:52:11 UTC" rtc_date_utc=2026-03-07 display_12h=02:52:11(PM) display_24h=14:52:11 sys_utc="2026-03-07 22:52:12 UTC" sys_utc_hms=22:52:12 utc_to_local_apply="-08:00" utc_to_local_offset_min=-480 temp_f=nan rh_pct=nan
[2026-03-07 14:52:12] I (82924833) esp_clock: Last NTP/Matter compare 0.00 days ago | Current RTC Local = 2026-03-07 14:52:11 PST | RTC->NTP drift = 1.449 sec (RTC behind NTP) | RTC->Matter drift = 1.000 sec (RTC behind Matter)
[2026-03-07 14:55:19] I (83111401) esp_clock: CLOCK_STATUS context=periodic rtc_utc="2026-03-07 22:55:17 UTC" rtc_date_utc=2026-03-07 display_12h=02:55:17(PM) display_24h=14:55:17 sys_utc="2026-03-07 22:55:19 UTC" sys_utc_hms=22:55:19 utc_to_local_apply="-08:00" utc_to_local_offset_min=-480 temp_f=nan rh_pct=nan
[2026-03-07 14:55:19] I (83111415) esp_clock: Last NTP/Matter compare 0.00 days ago | Current RTC Local = 2026-03-07 14:55:17 PST | RTC->NTP drift = 1.449 sec (RTC behind NTP) | RTC->Matter drift = 2.000 sec (RTC behind Matter)
[2026-03-07 15:00:19] I (83411444) esp_clock: CLOCK_STATUS context=periodic rtc_utc="2026-03-07 23:00:18 UTC" rtc_date_utc=2026-03-07 display_12h=03:00:18(PM) display_24h=15:00:18 sys_utc="2026-03-07 23:00:19 UTC" sys_utc_hms=23:00:19 utc_to_local_apply="-08:00" utc_to_local_offset_min=-480 temp_f=nan rh_pct=nan
[2026-03-07 15:00:19] I (83411459) esp_clock: Last NTP/Matter compare 0.01 days ago | Current RTC Local = 2026-03-07 15:00:18 PST | RTC->NTP drift = 1.449 sec (RTC behind NTP) | RTC->Matter drift = 1.000 sec (RTC behind Matter)
[2026-03-07 15:05:19] I (83711487) esp_clock: CLOCK_STATUS context=periodic rtc_utc="2026-03-07 23:05:18 UTC" rtc_date_utc=2026-03-07 display_12h=03:05:18(PM) display_24h=15:05:18 sys_utc="2026-03-07 23:05:19 UTC" sys_utc_hms=23:05:19 utc_to_local_apply="-08:00" utc_to_local_offset_min=-480 temp_f=nan rh_pct=nan
[2026-03-07 15:05:19] I (83711502) esp_clock: Last NTP/Matter compare 0.01 days ago | Current RTC Local = 2026-03-07 15:05:18 PST | RTC->NTP drift = 1.449 sec (RTC behind NTP) | RTC->Matter drift = 1.000 sec (RTC behind Matter)
[2026-03-07 15:10:19] I (84011527) esp_clock: CLOCK_STATUS context=periodic rtc_utc="2026-03-07 23:10:18 UTC" rtc_date_utc=2026-03-07 display_12h=03:10:18(PM) display_24h=15:10:18 sys_utc="2026-03-07 23:10:19 UTC" sys_utc_hms=23:10:19 utc_to_local_apply="-08:00" utc_to_local_offset_min=-480 temp_f=nan rh_pct=nan
[2026-03-07 15:10:19] I (84011542) esp_clock: Last NTP/Matter compare 0.01 days ago | Current RTC Local = 2026-03-07 15:10:18 PST | RTC->NTP drift = 1.449 sec (RTC behind NTP) | RTC->Matter drift = 1.000 sec (RTC behind Matter)
[2026-03-07 15:15:19] I (84311571) esp_clock: CLOCK_STATUS context=periodic rtc_utc="2026-03-07 23:15:18 UTC" rtc_date_utc=2026-03-07 display_12h=03:15:18(PM) display_24h=15:15:18 sys_utc="2026-03-07 23:15:19 UTC" sys_utc_hms=23:15:19 utc_to_local_apply="-08:00" utc_to_local_offset_min=-480 temp_f=nan rh_pct=nan
[2026-03-07 15:15:19] I (84311585) esp_clock: Last NTP/Matter compare 0.02 days ago | Current RTC Local = 2026-03-07 15:15:18 PST | RTC->NTP drift = 1.449 sec (RTC behind NTP) | RTC->Matter drift = 1.000 sec (RTC behind Matter)
[2026-03-07 15:20:19] I (84611609) esp_clock: CLOCK_STATUS context=periodic rtc_utc="2026-03-07 23:20:18 UTC" rtc_date_utc=2026-03-07 display_12h=03:20:18(PM) display_24h=15:20:18 sys_utc="2026-03-07 23:20:19 UTC" sys_utc_hms=23:20:19 utc_to_local_apply="-08:00" utc_to_local_offset_min=-480 temp_f=nan rh_pct=nan
[2026-03-07 15:20:19] I (84611624) esp_clock: Last NTP/Matter compare 0.02 days ago | Current RTC Local = 2026-03-07 15:20:18 PST | RTC->NTP drift = 1.449 sec (RTC behind NTP) | RTC->Matter drift = 1.000 sec (RTC behind Matter)
[2026-03-07 15:25:19] I (84911651) esp_clock: CLOCK_STATUS context=periodic rtc_utc="2026-03-07 23:25:18 UTC" rtc_date_utc=2026-03-07 display_12h=03:25:18(PM) display_24h=15:25:18 sys_utc="2026-03-07 23:25:19 UTC" sys_utc_hms=23:25:19 utc_to_local_apply="-08:00" utc_to_local_offset_min=-480 temp_f=nan rh_pct=nan
[2026-03-07 15:25:19] I (84911665) esp_clock: Last NTP/Matter compare 0.02 days ago | Current RTC Local = 2026-03-07 15:25:18 PST | RTC->NTP drift = 1.449 sec (RTC behind NTP) | RTC->Matter drift = 1.000 sec (RTC behind Matter)
[2026-03-07 15:30:19] I (85211687) esp_clock: CLOCK_STATUS context=periodic rtc_utc="2026-03-07 23:30:18 UTC" rtc_date_utc=2026-03-07 display_12h=03:30:18(PM) display_24h=15:30:18 sys_utc="2026-03-07 23:30:19 UTC" sys_utc_hms=23:30:19 utc_to_local_apply="-08:00" utc_to_local_offset_min=-480 temp_f=nan rh_pct=nan
[2026-03-07 15:30:19] I (85211702) esp_clock: Last NTP/Matter compare 0.03 days ago | Current RTC Local = 2026-03-07 15:30:18 PST | RTC->NTP drift = 1.449 sec (RTC behind NTP) | RTC->Matter drift = 1.000 sec (RTC behind Matter)
[2026-03-07 15:35:19] I (85511725) esp_clock: CLOCK_STATUS context=periodic rtc_utc="2026-03-07 23:35:18 UTC" rtc_date_utc=2026-03-07 display_12h=03:35:18(PM) display_24h=15:35:18 sys_utc="2026-03-07 23:35:19 UTC" sys_utc_hms=23:35:19 utc_to_local_apply="-08:00" utc_to_local_offset_min=-480 temp_f=nan rh_pct=nan
[2026-03-07 15:35:19] I (85511740) esp_clock: Last NTP/Matter compare 0.03 days ago | Current RTC Local = 2026-03-07 15:35:18 PST | RTC->NTP drift = 1.449 sec (RTC behind NTP) | RTC->Matter drift = 1.000 sec (RTC behind Matter)
[2026-03-07 15:40:19] I (85811762) esp_clock: CLOCK_STATUS context=periodic rtc_utc="2026-03-07 23:40:18 UTC" rtc_date_utc=2026-03-07 display_12h=03:40:18(PM) display_24h=15:40:18 sys_utc="2026-03-07 23:40:19 UTC" sys_utc_hms=23:40:19 utc_to_local_apply="-08:00" utc_to_local_offset_min=-480 temp_f=nan rh_pct=nan
[2026-03-07 15:40:19] I (85811777) esp_clock: Last NTP/Matter compare 0.03 days ago | Current RTC Local = 2026-03-07 15:40:18 PST | RTC->NTP drift = 1.449 sec (RTC behind NTP) | RTC->Matter drift = 1.000 sec (RTC behind Matter)
[2026-03-07 15:45:19] I (86111801) esp_clock: CLOCK_STATUS context=periodic rtc_utc="2026-03-07 23:45:18 UTC" rtc_date_utc=2026-03-07 display_12h=03:45:18(PM) display_24h=15:45:18 sys_utc="2026-03-07 23:45:19 UTC" sys_utc_hms=23:45:19 utc_to_local_apply="-08:00" utc_to_local_offset_min=-480 temp_f=nan rh_pct=nan
[2026-03-07 15:45:19] I (86111815) esp_clock: Last NTP/Matter compare 0.04 days ago | Current RTC Local = 2026-03-07 15:45:18 PST | RTC->NTP drift = 1.449 sec (RTC behind NTP) | RTC->Matter drift = 1.000 sec (RTC behind Matter)
[2026-03-07 15:50:19] I (86411837) esp_clock: CLOCK_STATUS context=periodic rtc_utc="2026-03-07 23:50:18 UTC" rtc_date_utc=2026-03-07 display_12h=03:50:18(PM) display_24h=15:50:18 sys_utc="2026-03-07 23:50:19 UTC" sys_utc_hms=23:50:19 utc_to_local_apply="-08:00" utc_to_local_offset_min=-480 temp_f=nan rh_pct=nan
[2026-03-07 15:50:19] I (86411852) esp_clock: Last NTP/Matter compare 0.04 days ago | Current RTC Local = 2026-03-07 15:50:18 PST | RTC->NTP drift = 1.449 sec (RTC behind NTP) | RTC->Matter drift = 1.000 sec (RTC behind Matter)
[2026-03-07 15:52:12] I (86524851) esp_clock: CLOCK_STATUS context=sync-pre rtc_utc="2026-03-07 23:52:11 UTC" rtc_date_utc=2026-03-07 display_12h=03:52:11(PM) display_24h=15:52:11 sys_utc="2026-03-07 23:52:12 UTC" sys_utc_hms=23:52:12 utc_to_local_apply="-08:00" utc_to_local_offset_min=-480 temp_f=nan rh_pct=nan
[2026-03-07 15:52:12] I (86524866) esp_clock: Last NTP/Matter compare 0.04 days ago | Current RTC Local = 2026-03-07 15:52:11 PST | RTC->NTP drift = 1.449 sec (RTC behind NTP) | RTC->Matter drift = 1.000 sec (RTC behind Matter)
[2026-03-07 15:52:12] I (86524884) esp_clock: RTC sync: start mode=compare+sync reason=periodic-hourly
[2026-03-07 15:52:12] I (86524892) esp_clock: RTC sync: starting one-shot fetch server=fd7f:4975:d3c5:4f0a:bc3e:5442:1e1a:1911 port=123 timeout=10000 ms
[2026-03-07 15:52:12] I (86524903) esp_clock: Thread netif already default (ntp-test)
[2026-03-07 15:52:15] I (86527822) esp_clock: RTC sync: fetch success server=fd7f:4975:d3c5:4f0a:bc3e:5442:1e1a:1911 epoch=1772927535.582560 elapsed=2913 ms
[2026-03-07 15:52:15] I (86527823) esp_clock: SYNC_METRIC reason=periodic-hourly phase=pre source=fd7f:4975:d3c5:4f0a:bc3e:5442:1e1a:1911 ntp_epoch=1772927535 ntp_usec=582560 sys_epoch=1772927535 sys_usec=582688 rtc_epoch=1772927534 drift_rtc_sec=1.5826 drift_sys_ms=0.128 write_phase_ms=nan
[2026-03-07 15:52:15] I (86527846) esp_clock: RTC sync: RTC is 1.6 seconds behind NTP
[2026-03-07 15:52:15] I (86527852) esp_clock: RTC sync: RTC drift 1.583 sec <= 2 sec, no write needed (reason=periodic-hourly)
[2026-03-07 15:52:15] I (86527862) esp_clock: SYNC_METRIC reason=periodic-hourly phase=post source=fd7f:4975:d3c5:4f0a:bc3e:5442:1e1a:1911 ntp_epoch=1772927535 ntp_usec=582560 sys_epoch=1772927535 sys_usec=621870 rtc_epoch=1772927534 drift_rtc_sec=1.6219 drift_sys_ms=39.310 write_phase_ms=nan
[2026-03-07 15:52:15] I (86527885) esp_clock: RTC sync: post-sync RTC is 1.6 seconds behind NTP
[2026-03-07 15:52:15] I (86527891) esp_clock: RTC sync: SUCCESS compare+sync complete (reason=periodic-hourly)
[2026-03-07 15:52:15] I (86527900) esp_clock: CLOCK_STATUS context=sync-post-ok rtc_utc="2026-03-07 23:52:14 UTC" rtc_date_utc=2026-03-07 display_12h=03:52:14(PM) display_24h=15:52:14 sys_utc="2026-03-07 23:52:15 UTC" sys_utc_hms=23:52:15 utc_to_local_apply="-08:00" utc_to_local_offset_min=-480 temp_f=nan rh_pct=nan
[2026-03-07 15:52:15] I (86527925) esp_clock: Last NTP/Matter compare 0.00 days ago | Current RTC Local = 2026-03-07 15:52:14 PST | RTC->NTP drift = 1.622 sec (RTC behind NTP) | RTC->Matter drift = 1.000 sec (RTC behind Matter)
[2026-03-07 15:55:19] I (86711881) esp_clock: CLOCK_STATUS context=periodic rtc_utc="2026-03-07 23:55:18 UTC" rtc_date_utc=2026-03-07 display_12h=03:55:18(PM) display_24h=15:55:18 sys_utc="2026-03-07 23:55:19 UTC" sys_utc_hms=23:55:19 utc_to_local_apply="-08:00" utc_to_local_offset_min=-480 temp_f=nan rh_pct=nan
[2026-03-07 15:55:19] I (86711895) esp_clock: Last NTP/Matter compare 0.00 days ago | Current RTC Local = 2026-03-07 15:55:18 PST | RTC->NTP drift = 1.622 sec (RTC behind NTP) | RTC->Matter drift = 1.000 sec (RTC behind Matter)
[2026-03-07 16:00:19] I (87011921) esp_clock: CLOCK_STATUS context=periodic rtc_utc="2026-03-08 00:00:18 UTC" rtc_date_utc=2026-03-08 display_12h=04:00:18(PM) display_24h=16:00:18 sys_utc="2026-03-08 00:00:19 UTC" sys_utc_hms=00:00:19 utc_to_local_apply="-08:00" utc_to_local_offset_min=-480 temp_f=nan rh_pct=nan
[2026-03-07 16:00:19] I (87011935) esp_clock: Last NTP/Matter compare 0.01 days ago | Current RTC Local = 2026-03-07 16:00:18 PST | RTC->NTP drift = 1.622 sec (RTC behind NTP) | RTC->Matter drift = 1.000 sec (RTC behind Matter)
[2026-03-07 16:05:19] I (87311956) esp_clock: CLOCK_STATUS context=periodic rtc_utc="2026-03-08 00:05:18 UTC" rtc_date_utc=2026-03-08 display_12h=04:05:18(PM) display_24h=16:05:18 sys_utc="2026-03-08 00:05:19 UTC" sys_utc_hms=00:05:19 utc_to_local_apply="-08:00" utc_to_local_offset_min=-480 temp_f=nan rh_pct=nan
[2026-03-07 16:05:19] I (87311970) esp_clock: Last NTP/Matter compare 0.01 days ago | Current RTC Local = 2026-03-07 16:05:18 PST | RTC->NTP drift = 1.622 sec (RTC behind NTP) | RTC->Matter drift = 1.000 sec (RTC behind Matter)
[2026-03-07 16:10:19] I (87611992) esp_clock: CLOCK_STATUS context=periodic rtc_utc="2026-03-08 00:10:18 UTC" rtc_date_utc=2026-03-08 display_12h=04:10:18(PM) display_24h=16:10:18 sys_utc="2026-03-08 00:10:19 UTC" sys_utc_hms=00:10:19 utc_to_local_apply="-08:00" utc_to_local_offset_min=-480 temp_f=nan rh_pct=nan
[2026-03-07 16:10:19] I (87612007) esp_clock: Last NTP/Matter compare 0.01 days ago | Current RTC Local = 2026-03-07 16:10:18 PST | RTC->NTP drift = 1.622 sec (RTC behind NTP) | RTC->Matter drift = 1.000 sec (RTC behind Matter)
[2026-03-07 16:15:19] I (87912029) esp_clock: CLOCK_STATUS context=periodic rtc_utc="2026-03-08 00:15:18 UTC" rtc_date_utc=2026-03-08 display_12h=04:15:18(PM) display_24h=16:15:18 sys_utc="2026-03-08 00:15:19 UTC" sys_utc_hms=00:15:19 utc_to_local_apply="-08:00" utc_to_local_offset_min=-480 temp_f=nan rh_pct=nan
[2026-03-07 16:15:19] I (87912043) esp_clock: Last NTP/Matter compare 0.02 days ago | Current RTC Local = 2026-03-07 16:15:18 PST | RTC->NTP drift = 1.622 sec (RTC behind NTP) | RTC->Matter drift = 1.000 sec (RTC behind Matter)
[2026-03-07 16:20:19] I (88212066) esp_clock: CLOCK_STATUS context=periodic rtc_utc="2026-03-08 00:20:18 UTC" rtc_date_utc=2026-03-08 display_12h=04:20:18(PM) display_24h=16:20:18 sys_utc="2026-03-08 00:20:19 UTC" sys_utc_hms=00:20:19 utc_to_local_apply="-08:00" utc_to_local_offset_min=-480 temp_f=nan rh_pct=nan
[2026-03-07 16:20:19] I (88212080) esp_clock: Last NTP/Matter compare 0.02 days ago | Current RTC Local = 2026-03-07 16:20:18 PST | RTC->NTP drift = 1.622 sec (RTC behind NTP) | RTC->Matter drift = 1.000 sec (RTC behind Matter)
[2026-03-07 16:24:49] E (88481433) chip[DMG]: Fail to retrieve data, roll back and encode status on clusterId: 0x0000_0033, attributeId: 0x0000_0003err = 586
[2026-03-07 16:25:19] I (88512104) esp_clock: CLOCK_STATUS context=periodic rtc_utc="2026-03-08 00:25:18 UTC" rtc_date_utc=2026-03-08 display_12h=04:25:18(PM) display_24h=16:25:18 sys_utc="2026-03-08 00:25:19 UTC" sys_utc_hms=00:25:19 utc_to_local_apply="-08:00" utc_to_local_offset_min=-480 temp_f=nan rh_pct=nan
[2026-03-07 16:25:19] I (88512118) esp_clock: Last NTP/Matter compare 0.02 days ago | Current RTC Local = 2026-03-07 16:25:18 PST | RTC->NTP drift = 1.622 sec (RTC behind NTP) | RTC->Matter drift = 1.000 sec (RTC behind Matter)
[2026-03-07 16:30:20] I (88812143) esp_clock: CLOCK_STATUS context=periodic rtc_utc="2026-03-08 00:30:18 UTC" rtc_date_utc=2026-03-08 display_12h=04:30:18(PM) display_24h=16:30:18 sys_utc="2026-03-08 00:30:19 UTC" sys_utc_hms=00:30:19 utc_to_local_apply="-08:00" utc_to_local_offset_min=-480 temp_f=nan rh_pct=nan
[2026-03-07 16:30:20] I (88812157) esp_clock: Last NTP/Matter compare 0.03 days ago | Current RTC Local = 2026-03-07 16:30:18 PST | RTC->NTP drift = 1.622 sec (RTC behind NTP) | RTC->Matter drift = 1.000 sec (RTC behind Matter)
[2026-03-07 16:35:20] I (89112182) esp_clock: CLOCK_STATUS context=periodic rtc_utc="2026-03-08 00:35:18 UTC" rtc_date_utc=2026-03-08 display_12h=04:35:18(PM) display_24h=16:35:18 sys_utc="2026-03-08 00:35:19 UTC" sys_utc_hms=00:35:19 utc_to_local_apply="-08:00" utc_to_local_offset_min=-480 temp_f=nan rh_pct=nan
[2026-03-07 16:35:20] I (89112197) esp_clock: Last NTP/Matter compare 0.03 days ago | Current RTC Local = 2026-03-07 16:35:18 PST | RTC->NTP drift = 1.622 sec (RTC behind NTP) | RTC->Matter drift = 1.000 sec (RTC behind Matter)
[2026-03-07 16:40:20] I (89412241) esp_clock: CLOCK_STATUS context=periodic rtc_utc="2026-03-08 00:40:18 UTC" rtc_date_utc=2026-03-08 display_12h=04:40:18(PM) display_24h=16:40:18 sys_utc="2026-03-08 00:40:20 UTC" sys_utc_hms=00:40:20 utc_to_local_apply="-08:00" utc_to_local_offset_min=-480 temp_f=nan rh_pct=nan
[2026-03-07 16:40:20] I (89412255) esp_clock: Last NTP/Matter compare 0.03 days ago | Current RTC Local = 2026-03-07 16:40:18 PST | RTC->NTP drift = 1.622 sec (RTC behind NTP) | RTC->Matter drift = 2.000 sec (RTC behind Matter)
[2026-03-07 16:45:20] I (89712286) esp_clock: CLOCK_STATUS context=periodic rtc_utc="2026-03-08 00:45:18 UTC" rtc_date_utc=2026-03-08 display_12h=04:45:18(PM) display_24h=16:45:18 sys_utc="2026-03-08 00:45:20 UTC" sys_utc_hms=00:45:20 utc_to_local_apply="-08:00" utc_to_local_offset_min=-480 temp_f=nan rh_pct=nan
[2026-03-07 16:45:20] I (89712300) esp_clock: Last NTP/Matter compare 0.04 days ago | Current RTC Local = 2026-03-07 16:45:18 PST | RTC->NTP drift = 1.622 sec (RTC behind NTP) | RTC->Matter drift = 2.000 sec (RTC behind Matter)
[2026-03-07 16:50:20] I (90012324) esp_clock: CLOCK_STATUS context=periodic rtc_utc="2026-03-08 00:50:18 UTC" rtc_date_utc=2026-03-08 display_12h=04:50:18(PM) display_24h=16:50:18 sys_utc="2026-03-08 00:50:20 UTC" sys_utc_hms=00:50:20 utc_to_local_apply="-08:00" utc_to_local_offset_min=-480 temp_f=nan rh_pct=nan
[2026-03-07 16:50:20] I (90012338) esp_clock: Last NTP/Matter compare 0.04 days ago | Current RTC Local = 2026-03-07 16:50:18 PST | RTC->NTP drift = 1.622 sec (RTC behind NTP) | RTC->Matter drift = 2.000 sec (RTC behind Matter)
[2026-03-07 16:52:15] I (90127943) esp_clock: CLOCK_STATUS context=sync-pre rtc_utc="2026-03-08 00:52:14 UTC" rtc_date_utc=2026-03-08 display_12h=04:52:14(PM) display_24h=16:52:14 sys_utc="2026-03-08 00:52:15 UTC" sys_utc_hms=00:52:15 utc_to_local_apply="-08:00" utc_to_local_offset_min=-480 temp_f=nan rh_pct=nan
[2026-03-07 16:52:15] I (90127958) esp_clock: Last NTP/Matter compare 0.04 days ago | Current RTC Local = 2026-03-07 16:52:14 PST | RTC->NTP drift = 1.622 sec (RTC behind NTP) | RTC->Matter drift = 1.000 sec (RTC behind Matter)
[2026-03-07 16:52:15] I (90127976) esp_clock: RTC sync: start mode=compare+sync reason=periodic-hourly
[2026-03-07 16:52:15] I (90127983) esp_clock: RTC sync: starting one-shot fetch server=fd7f:4975:d3c5:4f0a:bc3e:5442:1e1a:1911 port=123 timeout=10000 ms
[2026-03-07 16:52:15] I (90127994) esp_clock: Thread netif already default (ntp-test)
[2026-03-07 16:52:17] I (90129158) esp_clock: RTC sync: fetch success server=fd7f:4975:d3c5:4f0a:bc3e:5442:1e1a:1911 epoch=1772931137.002961 elapsed=1158 ms
[2026-03-07 16:52:17] I (90129160) esp_clock: SYNC_METRIC reason=periodic-hourly phase=pre source=fd7f:4975:d3c5:4f0a:bc3e:5442:1e1a:1911 ntp_epoch=1772931137 ntp_usec=2961 sys_epoch=1772931137 sys_usec=3089 rtc_epoch=1772931135 drift_rtc_sec=2.0030 drift_sys_ms=0.128 write_phase_ms=nan
[2026-03-07 16:52:17] I (90129182) esp_clock: RTC sync: RTC is 2.0 seconds behind NTP
[2026-03-07 16:52:17] I (90129188) esp_clock: RTC sync: syncing RTC to NTP time... (reason=periodic-hourly)
[2026-03-07 16:52:17] I (90129195) esp_clock: RTC sync: RTC aligned write target epoch=1772931137 (phase_ms=0.029)
[2026-03-07 16:52:17] W (90129204) esp_clock: RTC WRITE: from EPOCH 1772931137
[2026-03-07 16:52:17] W (90129209) esp_clock: RTC WRITE: explicit 2026-03-08 00:52:17
[2026-03-07 16:52:17] I (90129215) esp_clock: RTC sync: RTC sync SUCCEEDED
[2026-03-07 16:52:17] I (90129219) esp_clock: SYNC_METRIC reason=periodic-hourly phase=post source=fd7f:4975:d3c5:4f0a:bc3e:5442:1e1a:1911 ntp_epoch=1772931137 ntp_usec=2961 sys_epoch=1772931137 sys_usec=23529 rtc_epoch=1772931137 drift_rtc_sec=0.0235 drift_sys_ms=20.568 write_phase_ms=0.029
[2026-03-07 16:52:17] I (90129242) esp_clock: RTC sync: post-sync RTC is within 1 second variance of NTP
[2026-03-07 16:52:17] I (90129250) esp_clock: RTC sync: SUCCESS compare+sync complete (reason=periodic-hourly)
[2026-03-07 16:52:17] I (90129259) esp_clock: CLOCK_STATUS context=sync-post-ok rtc_utc="2026-03-08 00:52:17 UTC" rtc_date_utc=2026-03-08 display_12h=04:52:17(PM) display_24h=16:52:17 sys_utc="2026-03-08 00:52:17 UTC" sys_utc_hms=00:52:17 utc_to_local_apply="-08:00" utc_to_local_offset_min=-480 temp_f=nan rh_pct=nan
[2026-03-07 16:52:17] I (90129283) esp_clock: Last NTP/Matter compare 0.00 days ago | Current RTC Local = 2026-03-07 16:52:17 PST | RTC->NTP drift = 0.024 sec (RTC behind NTP) | RTC->Matter drift = 0.000 sec (RTC behind Matter)
[2026-03-07 16:55:20] I (90312368) esp_clock: CLOCK_STATUS context=periodic rtc_utc="2026-03-08 00:55:20 UTC" rtc_date_utc=2026-03-08 display_12h=04:55:20(PM) display_24h=16:55:20 sys_utc="2026-03-08 00:55:20 UTC" sys_utc_hms=00:55:20 utc_to_local_apply="-08:00" utc_to_local_offset_min=-480 temp_f=nan rh_pct=nan
[2026-03-07 16:55:20] I (90312383) esp_clock: Last NTP/Matter compare 0.00 days ago | Current RTC Local = 2026-03-07 16:55:20 PST | RTC->NTP drift = 0.024 sec (RTC behind NTP) | RTC->Matter drift = 0.000 sec (RTC behind Matter)
[2026-03-07 17:00:20] I (90612407) esp_clock: CLOCK_STATUS context=periodic rtc_utc="2026-03-08 01:00:20 UTC" rtc_date_utc=2026-03-08 display_12h=05:00:20(PM) display_24h=17:00:20 sys_utc="2026-03-08 01:00:20 UTC" sys_utc_hms=01:00:20 utc_to_local_apply="-08:00" utc_to_local_offset_min=-480 temp_f=nan rh_pct=nan
[2026-03-07 17:00:20] I (90612422) esp_clock: Last NTP/Matter compare 0.01 days ago | Current RTC Local = 2026-03-07 17:00:20 PST | RTC->NTP drift = 0.024 sec (RTC behind NTP) | RTC->Matter drift = 0.000 sec (RTC behind Matter)
[2026-03-07 17:05:20] I (90912449) esp_clock: CLOCK_STATUS context=periodic rtc_utc="2026-03-08 01:05:20 UTC" rtc_date_utc=2026-03-08 display_12h=05:05:20(PM) display_24h=17:05:20 sys_utc="2026-03-08 01:05:20 UTC" sys_utc_hms=01:05:20 utc_to_local_apply="-08:00" utc_to_local_offset_min=-480 temp_f=nan rh_pct=nan
[2026-03-07 17:05:20] I (90912464) esp_clock: Last NTP/Matter compare 0.01 days ago | Current RTC Local = 2026-03-07 17:05:20 PST | RTC->NTP drift = 0.024 sec (RTC behind NTP) | RTC->Matter drift = 0.000 sec (RTC behind Matter)
[2026-03-07 17:10:20] I (91212494) esp_clock: CLOCK_STATUS context=periodic rtc_utc="2026-03-08 01:10:20 UTC" rtc_date_utc=2026-03-08 display_12h=05:10:20(PM) display_24h=17:10:20 sys_utc="2026-03-08 01:10:20 UTC" sys_utc_hms=01:10:20 utc_to_local_apply="-08:00" utc_to_local_offset_min=-480 temp_f=nan rh_pct=nan
[2026-03-07 17:10:20] I (91212508) esp_clock: Last NTP/Matter compare 0.01 days ago | Current RTC Local = 2026-03-07 17:10:20 PST | RTC->NTP drift = 0.024 sec (RTC behind NTP) | RTC->Matter drift = 0.000 sec (RTC behind Matter)
[2026-03-07 17:15:20] I (91512536) esp_clock: CLOCK_STATUS context=periodic rtc_utc="2026-03-08 01:15:20 UTC" rtc_date_utc=2026-03-08 display_12h=05:15:20(PM) display_24h=17:15:20 sys_utc="2026-03-08 01:15:20 UTC" sys_utc_hms=01:15:20 utc_to_local_apply="-08:00" utc_to_local_offset_min=-480 temp_f=nan rh_pct=nan
[2026-03-07 17:15:20] I (91512550) esp_clock: Last NTP/Matter compare 0.02 days ago | Current RTC Local = 2026-03-07 17:15:20 PST | RTC->NTP drift = 0.024 sec (RTC behind NTP) | RTC->Matter drift = 0.000 sec (RTC behind Matter)
[2026-03-07 17:20:20] I (91812582) esp_clock: CLOCK_STATUS context=periodic rtc_utc="2026-03-08 01:20:20 UTC" rtc_date_utc=2026-03-08 display_12h=05:20:20(PM) display_24h=17:20:20 sys_utc="2026-03-08 01:20:20 UTC" sys_utc_hms=01:20:20 utc_to_local_apply="-08:00" utc_to_local_offset_min=-480 temp_f=nan rh_pct=nan
[2026-03-07 17:20:20] I (91812597) esp_clock: Last NTP/Matter compare 0.02 days ago | Current RTC Local = 2026-03-07 17:20:20 PST | RTC->NTP drift = 0.024 sec (RTC behind NTP) | RTC->Matter drift = 0.000 sec (RTC behind Matter)
[2026-03-07 17:25:20] I (92112624) esp_clock: CLOCK_STATUS context=periodic rtc_utc="2026-03-08 01:25:20 UTC" rtc_date_utc=2026-03-08 display_12h=05:25:20(PM) display_24h=17:25:20 sys_utc="2026-03-08 01:25:20 UTC" sys_utc_hms=01:25:20 utc_to_local_apply="-08:00" utc_to_local_offset_min=-480 temp_f=nan rh_pct=nan
[2026-03-07 17:25:20] I (92112638) esp_clock: Last NTP/Matter compare 0.02 days ago | Current RTC Local = 2026-03-07 17:25:20 PST | RTC->NTP drift = 0.024 sec (RTC behind NTP) | RTC->Matter drift = 0.000 sec (RTC behind Matter)
[2026-03-07 17:30:20] I (92412661) esp_clock: CLOCK_STATUS context=periodic rtc_utc="2026-03-08 01:30:20 UTC" rtc_date_utc=2026-03-08 display_12h=05:30:20(PM) display_24h=17:30:20 sys_utc="2026-03-08 01:30:20 UTC" sys_utc_hms=01:30:20 utc_to_local_apply="-08:00" utc_to_local_offset_min=-480 temp_f=nan rh_pct=nan
[2026-03-07 17:30:20] I (92412675) esp_clock: Last NTP/Matter compare 0.03 days ago | Current RTC Local = 2026-03-07 17:30:20 PST | RTC->NTP drift = 0.024 sec (RTC behind NTP) | RTC->Matter drift = 0.000 sec (RTC behind Matter)
[2026-03-07 17:35:20] I (92712719) esp_clock: CLOCK_STATUS context=periodic rtc_utc="2026-03-08 01:35:20 UTC" rtc_date_utc=2026-03-08 display_12h=05:35:20(PM) display_24h=17:35:20 sys_utc="2026-03-08 01:35:20 UTC" sys_utc_hms=01:35:20 utc_to_local_apply="-08:00" utc_to_local_offset_min=-480 temp_f=nan rh_pct=nan
[2026-03-07 17:35:20] I (92712733) esp_clock: Last NTP/Matter compare 0.03 days ago | Current RTC Local = 2026-03-07 17:35:20 PST | RTC->NTP drift = 0.024 sec (RTC behind NTP) | RTC->Matter drift = 0.000 sec (RTC behind Matter)
[2026-03-07 17:40:20] I (93012757) esp_clock: CLOCK_STATUS context=periodic rtc_utc="2026-03-08 01:40:20 UTC" rtc_date_utc=2026-03-08 display_12h=05:40:20(PM) display_24h=17:40:20 sys_utc="2026-03-08 01:40:20 UTC" sys_utc_hms=01:40:20 utc_to_local_apply="-08:00" utc_to_local_offset_min=-480 temp_f=nan rh_pct=nan
[2026-03-07 17:40:20] I (93012772) esp_clock: Last NTP/Matter compare 0.03 days ago | Current RTC Local = 2026-03-07 17:40:20 PST | RTC->NTP drift = 0.024 sec (RTC behind NTP) | RTC->Matter drift = 0.000 sec (RTC behind Matter)
[2026-03-07 17:45:20] I (93312797) esp_clock: CLOCK_STATUS context=periodic rtc_utc="2026-03-08 01:45:20 UTC" rtc_date_utc=2026-03-08 display_12h=05:45:20(PM) display_24h=17:45:20 sys_utc="2026-03-08 01:45:20 UTC" sys_utc_hms=01:45:20 utc_to_local_apply="-08:00" utc_to_local_offset_min=-480 temp_f=nan rh_pct=nan
[2026-03-07 17:45:20] I (93312812) esp_clock: Last NTP/Matter compare 0.04 days ago | Current RTC Local = 2026-03-07 17:45:20 PST | RTC->NTP drift = 0.024 sec (RTC behind NTP) | RTC->Matter drift = 0.000 sec (RTC behind Matter)
[2026-03-07 17:50:20] I (93612839) esp_clock: CLOCK_STATUS context=periodic rtc_utc="2026-03-08 01:50:20 UTC" rtc_date_utc=2026-03-08 display_12h=05:50:20(PM) display_24h=17:50:20 sys_utc="2026-03-08 01:50:20 UTC" sys_utc_hms=01:50:20 utc_to_local_apply="-08:00" utc_to_local_offset_min=-480 temp_f=nan rh_pct=nan
[2026-03-07 17:50:20] I (93612853) esp_clock: Last NTP/Matter compare 0.04 days ago | Current RTC Local = 2026-03-07 17:50:20 PST | RTC->NTP drift = 0.024 sec (RTC behind NTP) | RTC->Matter drift = 0.000 sec (RTC behind Matter)
[2026-03-07 17:52:17] I (93729301) esp_clock: CLOCK_STATUS context=sync-pre rtc_utc="2026-03-08 01:52:17 UTC" rtc_date_utc=2026-03-08 display_12h=05:52:17(PM) display_24h=17:52:17 sys_utc="2026-03-08 01:52:17 UTC" sys_utc_hms=01:52:17 utc_to_local_apply="-08:00" utc_to_local_offset_min=-480 temp_f=nan rh_pct=nan
[2026-03-07 17:52:17] I (93729316) esp_clock: Last NTP/Matter compare 0.04 days ago | Current RTC Local = 2026-03-07 17:52:17 PST | RTC->NTP drift = 0.024 sec (RTC behind NTP) | RTC->Matter drift = 0.000 sec (RTC behind Matter)
[2026-03-07 17:52:17] I (93729334) esp_clock: RTC sync: start mode=compare+sync reason=periodic-hourly
[2026-03-07 17:52:17] I (93729342) esp_clock: RTC sync: starting one-shot fetch server=fd7f:4975:d3c5:4f0a:bc3e:5442:1e1a:1911 port=123 timeout=10000 ms
[2026-03-07 17:52:17] I (93729353) esp_clock: Thread netif already default (ntp-test)
[2026-03-07 17:52:17] I (93729625) esp_clock: RTC sync: fetch success server=fd7f:4975:d3c5:4f0a:bc3e:5442:1e1a:1911 epoch=1772934737.551970 elapsed=266 ms
[2026-03-07 17:52:17] I (93729626) esp_clock: SYNC_METRIC reason=periodic-hourly phase=pre source=fd7f:4975:d3c5:4f0a:bc3e:5442:1e1a:1911 ntp_epoch=1772934737 ntp_usec=551970 sys_epoch=1772934737 sys_usec=552490 rtc_epoch=1772934737 drift_rtc_sec=0.5520 drift_sys_ms=0.520 write_phase_ms=nan
[2026-03-07 17:52:17] I (93729649) esp_clock: RTC sync: RTC is within 1 second variance of NTP
[2026-03-07 17:52:17] I (93729655) esp_clock: RTC sync: RTC drift 0.552 sec <= 2 sec, no write needed (reason=periodic-hourly)
[2026-03-07 17:52:17] I (93729665) esp_clock: SYNC_METRIC reason=periodic-hourly phase=post source=fd7f:4975:d3c5:4f0a:bc3e:5442:1e1a:1911 ntp_epoch=1772934737 ntp_usec=551970 sys_epoch=1772934737 sys_usec=592400 rtc_epoch=1772934737 drift_rtc_sec=0.5924 drift_sys_ms=40.430 write_phase_ms=nan
[2026-03-07 17:52:17] I (93729688) esp_clock: RTC sync: post-sync RTC is within 1 second variance of NTP
[2026-03-07 17:52:17] I (93729695) esp_clock: RTC sync: SUCCESS compare+sync complete (reason=periodic-hourly)
[2026-03-07 17:52:17] I (93729704) esp_clock: CLOCK_STATUS context=sync-post-ok rtc_utc="2026-03-08 01:52:17 UTC" rtc_date_utc=2026-03-08 display_12h=05:52:17(PM) display_24h=17:52:17 sys_utc="2026-03-08 01:52:17 UTC" sys_utc_hms=01:52:17 utc_to_local_apply="-08:00" utc_to_local_offset_min=-480 temp_f=nan rh_pct=nan
[2026-03-07 17:52:17] I (93729729) esp_clock: Last NTP/Matter compare 0.00 days ago | Current RTC Local = 2026-03-07 17:52:17 PST | RTC->NTP drift = 0.592 sec (RTC behind NTP) | RTC->Matter drift = 0.000 sec (RTC behind Matter)
[2026-03-07 17:55:20] I (93912887) esp_clock: CLOCK_STATUS context=periodic rtc_utc="2026-03-08 01:55:20 UTC" rtc_date_utc=2026-03-08 display_12h=05:55:20(PM) display_24h=17:55:20 sys_utc="2026-03-08 01:55:20 UTC" sys_utc_hms=01:55:20 utc_to_local_apply="-08:00" utc_to_local_offset_min=-480 temp_f=nan rh_pct=nan
[2026-03-07 17:55:20] I (93912902) esp_clock: Last NTP/Matter compare 0.00 days ago | Current RTC Local = 2026-03-07 17:55:20 PST | RTC->NTP drift = 0.592 sec (RTC behind NTP) | RTC->Matter drift = 0.000 sec (RTC behind Matter)
[2026-03-07 18:00:20] I (94212934) esp_clock: CLOCK_STATUS context=periodic rtc_utc="2026-03-08 02:00:20 UTC" rtc_date_utc=2026-03-08 display_12h=06:00:20(PM) display_24h=18:00:20 sys_utc="2026-03-08 02:00:20 UTC" sys_utc_hms=02:00:20 utc_to_local_apply="-08:00" utc_to_local_offset_min=-480 temp_f=nan rh_pct=nan
[2026-03-07 18:00:20] I (94212948) esp_clock: Last NTP/Matter compare 0.01 days ago | Current RTC Local = 2026-03-07 18:00:20 PST | RTC->NTP drift = 0.592 sec (RTC behind NTP) | RTC->Matter drift = 0.000 sec (RTC behind Matter)
[2026-03-07 18:05:20] I (94512977) esp_clock: CLOCK_STATUS context=periodic rtc_utc="2026-03-08 02:05:20 UTC" rtc_date_utc=2026-03-08 display_12h=06:05:20(PM) display_24h=18:05:20 sys_utc="2026-03-08 02:05:20 UTC" sys_utc_hms=02:05:20 utc_to_local_apply="-08:00" utc_to_local_offset_min=-480 temp_f=nan rh_pct=nan
[2026-03-07 18:05:20] I (94512992) esp_clock: Last NTP/Matter compare 0.01 days ago | Current RTC Local = 2026-03-07 18:05:20 PST | RTC->NTP drift = 0.592 sec (RTC behind NTP) | RTC->Matter drift = 0.000 sec (RTC behind Matter)
[2026-03-07 18:10:21] I (94813019) esp_clock: CLOCK_STATUS context=periodic rtc_utc="2026-03-08 02:10:20 UTC" rtc_date_utc=2026-03-08 display_12h=06:10:20(PM) display_24h=18:10:20 sys_utc="2026-03-08 02:10:20 UTC" sys_utc_hms=02:10:20 utc_to_local_apply="-08:00" utc_to_local_offset_min=-480 temp_f=nan rh_pct=nan
[2026-03-07 18:10:21] I (94813033) esp_clock: Last NTP/Matter compare 0.01 days ago | Current RTC Local = 2026-03-07 18:10:20 PST | RTC->NTP drift = 0.592 sec (RTC behind NTP) | RTC->Matter drift = 0.000 sec (RTC behind Matter)
[2026-03-07 18:15:21] I (95113059) esp_clock: CLOCK_STATUS context=periodic rtc_utc="2026-03-08 02:15:20 UTC" rtc_date_utc=2026-03-08 display_12h=06:15:20(PM) display_24h=18:15:20 sys_utc="2026-03-08 02:15:20 UTC" sys_utc_hms=02:15:20 utc_to_local_apply="-08:00" utc_to_local_offset_min=-480 temp_f=nan rh_pct=nan
[2026-03-07 18:15:21] I (95113073) esp_clock: Last NTP/Matter compare 0.02 days ago | Current RTC Local = 2026-03-07 18:15:20 PST | RTC->NTP drift = 0.592 sec (RTC behind NTP) | RTC->Matter drift = 1.000 sec (RTC behind Matter)
[2026-03-07 18:20:21] I (95413104) esp_clock: CLOCK_STATUS context=periodic rtc_utc="2026-03-08 02:20:20 UTC" rtc_date_utc=2026-03-08 display_12h=06:20:20(PM) display_24h=18:20:20 sys_utc="2026-03-08 02:20:21 UTC" sys_utc_hms=02:20:21 utc_to_local_apply="-08:00" utc_to_local_offset_min=-480 temp_f=nan rh_pct=nan
[2026-03-07 18:20:21] I (95413118) esp_clock: Last NTP/Matter compare 0.02 days ago | Current RTC Local = 2026-03-07 18:20:20 PST | RTC->NTP drift = 0.592 sec (RTC behind NTP) | RTC->Matter drift = 1.000 sec (RTC behind Matter)
[2026-03-07 18:25:21] I (95713141) esp_clock: CLOCK_STATUS context=periodic rtc_utc="2026-03-08 02:25:21 UTC" rtc_date_utc=2026-03-08 display_12h=06:25:21(PM) display_24h=18:25:21 sys_utc="2026-03-08 02:25:21 UTC" sys_utc_hms=02:25:21 utc_to_local_apply="-08:00" utc_to_local_offset_min=-480 temp_f=nan rh_pct=nan
[2026-03-07 18:25:21] I (95713155) esp_clock: Last NTP/Matter compare 0.02 days ago | Current RTC Local = 2026-03-07 18:25:21 PST | RTC->NTP drift = 0.592 sec (RTC behind NTP) | RTC->Matter drift = 0.000 sec (RTC behind Matter)
[2026-03-07 18:30:21] I (96013177) esp_clock: CLOCK_STATUS context=periodic rtc_utc="2026-03-08 02:30:21 UTC" rtc_date_utc=2026-03-08 display_12h=06:30:21(PM) display_24h=18:30:21 sys_utc="2026-03-08 02:30:21 UTC" sys_utc_hms=02:30:21 utc_to_local_apply="-08:00" utc_to_local_offset_min=-480 temp_f=nan rh_pct=nan
[2026-03-07 18:30:21] I (96013192) esp_clock: Last NTP/Matter compare 0.03 days ago | Current RTC Local = 2026-03-07 18:30:21 PST | RTC->NTP drift = 0.592 sec (RTC behind NTP) | RTC->Matter drift = 0.000 sec (RTC behind Matter)
[2026-03-07 18:35:21] I (96313229) esp_clock: CLOCK_STATUS context=periodic rtc_utc="2026-03-08 02:35:21 UTC" rtc_date_utc=2026-03-08 display_12h=06:35:21(PM) display_24h=18:35:21 sys_utc="2026-03-08 02:35:21 UTC" sys_utc_hms=02:35:21 utc_to_local_apply="-08:00" utc_to_local_offset_min=-480 temp_f=nan rh_pct=nan
[2026-03-07 18:35:21] I (96313243) esp_clock: Last NTP/Matter compare 0.03 days ago | Current RTC Local = 2026-03-07 18:35:21 PST | RTC->NTP drift = 0.592 sec (RTC behind NTP) | RTC->Matter drift = 0.000 sec (RTC behind Matter)
[2026-03-07 18:40:21] I (96613274) esp_clock: CLOCK_STATUS context=periodic rtc_utc="2026-03-08 02:40:21 UTC" rtc_date_utc=2026-03-08 display_12h=06:40:21(PM) display_24h=18:40:21 sys_utc="2026-03-08 02:40:21 UTC" sys_utc_hms=02:40:21 utc_to_local_apply="-08:00" utc_to_local_offset_min=-480 temp_f=nan rh_pct=nan
[2026-03-07 18:40:21] I (96613288) esp_clock: Last NTP/Matter compare 0.03 days ago | Current RTC Local = 2026-03-07 18:40:21 PST | RTC->NTP drift = 0.592 sec (RTC behind NTP) | RTC->Matter drift = 0.000 sec (RTC behind Matter)
[2026-03-07 18:45:21] I (96913311) esp_clock: CLOCK_STATUS context=periodic rtc_utc="2026-03-08 02:45:21 UTC" rtc_date_utc=2026-03-08 display_12h=06:45:21(PM) display_24h=18:45:21 sys_utc="2026-03-08 02:45:21 UTC" sys_utc_hms=02:45:21 utc_to_local_apply="-08:00" utc_to_local_offset_min=-480 temp_f=nan rh_pct=nan
[2026-03-07 18:45:21] I (96913325) esp_clock: Last NTP/Matter compare 0.04 days ago | Current RTC Local = 2026-03-07 18:45:21 PST | RTC->NTP drift = 0.592 sec (RTC behind NTP) | RTC->Matter drift = 0.000 sec (RTC behind Matter)
[2026-03-07 18:50:21] I (97213349) esp_clock: CLOCK_STATUS context=periodic rtc_utc="2026-03-08 02:50:21 UTC" rtc_date_utc=2026-03-08 display_12h=06:50:21(PM) display_24h=18:50:21 sys_utc="2026-03-08 02:50:21 UTC" sys_utc_hms=02:50:21 utc_to_local_apply="-08:00" utc_to_local_offset_min=-480 temp_f=nan rh_pct=nan
[2026-03-07 18:50:21] I (97213363) esp_clock: Last NTP/Matter compare 0.04 days ago | Current RTC Local = 2026-03-07 18:50:21 PST | RTC->NTP drift = 0.592 sec (RTC behind NTP) | RTC->Matter drift = 0.000 sec (RTC behind Matter)
[2026-03-07 18:52:17] I (97329748) esp_clock: CLOCK_STATUS context=sync-pre rtc_utc="2026-03-08 02:52:17 UTC" rtc_date_utc=2026-03-08 display_12h=06:52:17(PM) display_24h=18:52:17 sys_utc="2026-03-08 02:52:17 UTC" sys_utc_hms=02:52:17 utc_to_local_apply="-08:00" utc_to_local_offset_min=-480 temp_f=nan rh_pct=nan
[2026-03-07 18:52:17] I (97329762) esp_clock: Last NTP/Matter compare 0.04 days ago | Current RTC Local = 2026-03-07 18:52:17 PST | RTC->NTP drift = 0.592 sec (RTC behind NTP) | RTC->Matter drift = 0.000 sec (RTC behind Matter)
[2026-03-07 18:52:17] I (97329780) esp_clock: RTC sync: start mode=compare+sync reason=periodic-hourly
[2026-03-07 18:52:17] I (97329788) esp_clock: RTC sync: starting one-shot fetch server=fd7f:4975:d3c5:4f0a:bc3e:5442:1e1a:1911 port=123 timeout=10000 ms
[2026-03-07 18:52:17] I (97329799) esp_clock: Thread netif already default (ntp-test)
[2026-03-07 18:52:21] I (97333451) esp_clock: RTC sync: fetch success server=fd7f:4975:d3c5:4f0a:bc3e:5442:1e1a:1911 epoch=1772938341.461659 elapsed=3646 ms
[2026-03-07 18:52:21] I (97333453) esp_clock: SYNC_METRIC reason=periodic-hourly phase=pre source=fd7f:4975:d3c5:4f0a:bc3e:5442:1e1a:1911 ntp_epoch=1772938341 ntp_usec=461659 sys_epoch=1772938341 sys_usec=461787 rtc_epoch=1772938341 drift_rtc_sec=0.4617 drift_sys_ms=0.128 write_phase_ms=nan
[2026-03-07 18:52:21] I (97333476) esp_clock: RTC sync: RTC is within 1 second variance of NTP
[2026-03-07 18:52:21] I (97333483) esp_clock: RTC sync: RTC drift 0.462 sec <= 2 sec, no write needed (reason=periodic-hourly)
[2026-03-07 18:52:21] I (97333492) esp_clock: SYNC_METRIC reason=periodic-hourly phase=post source=fd7f:4975:d3c5:4f0a:bc3e:5442:1e1a:1911 ntp_epoch=1772938341 ntp_usec=461659 sys_epoch=1772938341 sys_usec=502269 rtc_epoch=1772938341 drift_rtc_sec=0.5023 drift_sys_ms=40.610 write_phase_ms=nan
[2026-03-07 18:52:21] I (97333515) esp_clock: RTC sync: post-sync RTC is within 1 second variance of NTP
[2026-03-07 18:52:21] I (97333523) esp_clock: RTC sync: SUCCESS compare+sync complete (reason=periodic-hourly)
[2026-03-07 18:52:21] I (97333532) esp_clock: CLOCK_STATUS context=sync-post-ok rtc_utc="2026-03-08 02:52:21 UTC" rtc_date_utc=2026-03-08 display_12h=06:52:21(PM) display_24h=18:52:21 sys_utc="2026-03-08 02:52:21 UTC" sys_utc_hms=02:52:21 utc_to_local_apply="-08:00" utc_to_local_offset_min=-480 temp_f=nan rh_pct=nan
[2026-03-07 18:52:21] I (97333556) esp_clock: Last NTP/Matter compare 0.00 days ago | Current RTC Local = 2026-03-07 18:52:21 PST | RTC->NTP drift = 0.502 sec (RTC behind NTP) | RTC->Matter drift = 0.000 sec (RTC behind Matter)
[2026-03-07 18:55:21] I (97513397) esp_clock: CLOCK_STATUS context=periodic rtc_utc="2026-03-08 02:55:21 UTC" rtc_date_utc=2026-03-08 display_12h=06:55:21(PM) display_24h=18:55:21 sys_utc="2026-03-08 02:55:21 UTC" sys_utc_hms=02:55:21 utc_to_local_apply="-08:00" utc_to_local_offset_min=-480 temp_f=nan rh_pct=nan
[2026-03-07 18:55:21] I (97513412) esp_clock: Last NTP/Matter compare 0.00 days ago | Current RTC Local = 2026-03-07 18:55:21 PST | RTC->NTP drift = 0.502 sec (RTC behind NTP) | RTC->Matter drift = 0.000 sec (RTC behind Matter)
[2026-03-07 19:00:21] I (97813436) esp_clock: CLOCK_STATUS context=periodic rtc_utc="2026-03-08 03:00:21 UTC" rtc_date_utc=2026-03-08 display_12h=07:00:21(PM) display_24h=19:00:21 sys_utc="2026-03-08 03:00:21 UTC" sys_utc_hms=03:00:21 utc_to_local_apply="-08:00" utc_to_local_offset_min=-480 temp_f=nan rh_pct=nan
[2026-03-07 19:00:21] I (97813451) esp_clock: Last NTP/Matter compare 0.01 days ago | Current RTC Local = 2026-03-07 19:00:21 PST | RTC->NTP drift = 0.502 sec (RTC behind NTP) | RTC->Matter drift = 0.000 sec (RTC behind Matter)
[2026-03-07 19:05:21] I (98113479) esp_clock: CLOCK_STATUS context=periodic rtc_utc="2026-03-08 03:05:21 UTC" rtc_date_utc=2026-03-08 display_12h=07:05:21(PM) display_24h=19:05:21 sys_utc="2026-03-08 03:05:21 UTC" sys_utc_hms=03:05:21 utc_to_local_apply="-08:00" utc_to_local_offset_min=-480 temp_f=nan rh_pct=nan
[2026-03-07 19:05:21] I (98113493) esp_clock: Last NTP/Matter compare 0.01 days ago | Current RTC Local = 2026-03-07 19:05:21 PST | RTC->NTP drift = 0.502 sec (RTC behind NTP) | RTC->Matter drift = 0.000 sec (RTC behind Matter)
[2026-03-07 19:10:21] I (98413524) esp_clock: CLOCK_STATUS context=periodic rtc_utc="2026-03-08 03:10:21 UTC" rtc_date_utc=2026-03-08 display_12h=07:10:21(PM) display_24h=19:10:21 sys_utc="2026-03-08 03:10:21 UTC" sys_utc_hms=03:10:21 utc_to_local_apply="-08:00" utc_to_local_offset_min=-480 temp_f=nan rh_pct=nan
[2026-03-07 19:10:21] I (98413539) esp_clock: Last NTP/Matter compare 0.01 days ago | Current RTC Local = 2026-03-07 19:10:21 PST | RTC->NTP drift = 0.502 sec (RTC behind NTP) | RTC->Matter drift = 0.000 sec (RTC behind Matter)
[2026-03-07 19:15:21] I (98713574) esp_clock: CLOCK_STATUS context=periodic rtc_utc="2026-03-08 03:15:21 UTC" rtc_date_utc=2026-03-08 display_12h=07:15:21(PM) display_24h=19:15:21 sys_utc="2026-03-08 03:15:21 UTC" sys_utc_hms=03:15:21 utc_to_local_apply="-08:00" utc_to_local_offset_min=-480 temp_f=nan rh_pct=nan
[2026-03-07 19:15:21] I (98713588) esp_clock: Last NTP/Matter compare 0.02 days ago | Current RTC Local = 2026-03-07 19:15:21 PST | RTC->NTP drift = 0.502 sec (RTC behind NTP) | RTC->Matter drift = 0.000 sec (RTC behind Matter)
[2026-03-07 19:20:21] I (99013617) esp_clock: CLOCK_STATUS context=periodic rtc_utc="2026-03-08 03:20:21 UTC" rtc_date_utc=2026-03-08 display_12h=07:20:21(PM) display_24h=19:20:21 sys_utc="2026-03-08 03:20:21 UTC" sys_utc_hms=03:20:21 utc_to_local_apply="-08:00" utc_to_local_offset_min=-480 temp_f=nan rh_pct=nan
[2026-03-07 19:20:21] I (99013632) esp_clock: Last NTP/Matter compare 0.02 days ago | Current RTC Local = 2026-03-07 19:20:21 PST | RTC->NTP drift = 0.502 sec (RTC behind NTP) | RTC->Matter drift = 0.000 sec (RTC behind Matter)
[2026-03-07 19:25:21] I (99313670) esp_clock: CLOCK_STATUS context=periodic rtc_utc="2026-03-08 03:25:21 UTC" rtc_date_utc=2026-03-08 display_12h=07:25:21(PM) display_24h=19:25:21 sys_utc="2026-03-08 03:25:21 UTC" sys_utc_hms=03:25:21 utc_to_local_apply="-08:00" utc_to_local_offset_min=-480 temp_f=nan rh_pct=nan
[2026-03-07 19:25:21] I (99313685) esp_clock: Last NTP/Matter compare 0.02 days ago | Current RTC Local = 2026-03-07 19:25:21 PST | RTC->NTP drift = 0.502 sec (RTC behind NTP) | RTC->Matter drift = 0.000 sec (RTC behind Matter)
[2026-03-07 19:30:21] I (99613714) esp_clock: CLOCK_STATUS context=periodic rtc_utc="2026-03-08 03:30:21 UTC" rtc_date_utc=2026-03-08 display_12h=07:30:21(PM) display_24h=19:30:21 sys_utc="2026-03-08 03:30:21 UTC" sys_utc_hms=03:30:21 utc_to_local_apply="-08:00" utc_to_local_offset_min=-480 temp_f=nan rh_pct=nan
[2026-03-07 19:30:21] I (99613728) esp_clock: Last NTP/Matter compare 0.03 days ago | Current RTC Local = 2026-03-07 19:30:21 PST | RTC->NTP drift = 0.502 sec (RTC behind NTP) | RTC->Matter drift = 0.000 sec (RTC behind Matter)
[2026-03-07 19:35:21] I (99913759) esp_clock: CLOCK_STATUS context=periodic rtc_utc="2026-03-08 03:35:21 UTC" rtc_date_utc=2026-03-08 display_12h=07:35:21(PM) display_24h=19:35:21 sys_utc="2026-03-08 03:35:21 UTC" sys_utc_hms=03:35:21 utc_to_local_apply="-08:00" utc_to_local_offset_min=-480 temp_f=nan rh_pct=nan
[2026-03-07 19:35:21] I (99913774) esp_clock: Last NTP/Matter compare 0.03 days ago | Current RTC Local = 2026-03-07 19:35:21 PST | RTC->NTP drift = 0.502 sec (RTC behind NTP) | RTC->Matter drift = 0.000 sec (RTC behind Matter)
[2026-03-07 19:40:21] I (100213804) esp_clock: CLOCK_STATUS context=periodic rtc_utc="2026-03-08 03:40:21 UTC" rtc_date_utc=2026-03-08 display_12h=07:40:21(PM) display_24h=19:40:21 sys_utc="2026-03-08 03:40:21 UTC" sys_utc_hms=03:40:21 utc_to_local_apply="-08:00" utc_to_local_offset_min=-480 temp_f=nan rh_pct=nan
[2026-03-07 19:40:21] I (100213818) esp_clock: Last NTP/Matter compare 0.03 days ago | Current RTC Local = 2026-03-07 19:40:21 PST | RTC->NTP drift = 0.502 sec (RTC behind NTP) | RTC->Matter drift = 0.000 sec (RTC behind Matter)
[2026-03-07 19:45:21] I (100513846) esp_clock: CLOCK_STATUS context=periodic rtc_utc="2026-03-08 03:45:21 UTC" rtc_date_utc=2026-03-08 display_12h=07:45:21(PM) display_24h=19:45:21 sys_utc="2026-03-08 03:45:21 UTC" sys_utc_hms=03:45:21 utc_to_local_apply="-08:00" utc_to_local_offset_min=-480 temp_f=nan rh_pct=nan
[2026-03-07 19:45:21] I (100513860) esp_clock: Last NTP/Matter compare 0.04 days ago | Current RTC Local = 2026-03-07 19:45:21 PST | RTC->NTP drift = 0.502 sec (RTC behind NTP) | RTC->Matter drift = 0.000 sec (RTC behind Matter)
[2026-03-07 19:50:22] I (100813889) esp_clock: CLOCK_STATUS context=periodic rtc_utc="2026-03-08 03:50:21 UTC" rtc_date_utc=2026-03-08 display_12h=07:50:21(PM) display_24h=19:50:21 sys_utc="2026-03-08 03:50:21 UTC" sys_utc_hms=03:50:21 utc_to_local_apply="-08:00" utc_to_local_offset_min=-480 temp_f=nan rh_pct=nan
[2026-03-07 19:50:22] I (100813903) esp_clock: Last NTP/Matter compare 0.04 days ago | Current RTC Local = 2026-03-07 19:50:21 PST | RTC->NTP drift = 0.502 sec (RTC behind NTP) | RTC->Matter drift = 0.000 sec (RTC behind Matter)
[2026-03-07 19:52:21] I (100933575) esp_clock: CLOCK_STATUS context=sync-pre rtc_utc="2026-03-08 03:52:21 UTC" rtc_date_utc=2026-03-08 display_12h=07:52:21(PM) display_24h=19:52:21 sys_utc="2026-03-08 03:52:21 UTC" sys_utc_hms=03:52:21 utc_to_local_apply="-08:00" utc_to_local_offset_min=-480 temp_f=nan rh_pct=nan
[2026-03-07 19:52:21] I (100933590) esp_clock: Last NTP/Matter compare 0.04 days ago | Current RTC Local = 2026-03-07 19:52:21 PST | RTC->NTP drift = 0.502 sec (RTC behind NTP) | RTC->Matter drift = 0.000 sec (RTC behind Matter)
[2026-03-07 19:52:21] I (100933607) esp_clock: RTC sync: start mode=compare+sync reason=periodic-hourly
[2026-03-07 19:52:21] I (100933615) esp_clock: RTC sync: starting one-shot fetch server=fd7f:4975:d3c5:4f0a:bc3e:5442:1e1a:1911 port=123 timeout=10000 ms
[2026-03-07 19:52:21] I (100933626) esp_clock: Thread netif already default (ntp-test)
[2026-03-07 19:52:22] I (100934479) esp_clock: RTC sync: fetch success server=fd7f:4975:d3c5:4f0a:bc3e:5442:1e1a:1911 epoch=1772941942.571433 elapsed=847 ms
[2026-03-07 19:52:22] I (100934481) esp_clock: SYNC_METRIC reason=periodic-hourly phase=pre source=fd7f:4975:d3c5:4f0a:bc3e:5442:1e1a:1911 ntp_epoch=1772941942 ntp_usec=571433 sys_epoch=1772941942 sys_usec=571956 rtc_epoch=1772941942 drift_rtc_sec=0.5714 drift_sys_ms=0.523 write_phase_ms=nan
[2026-03-07 19:52:22] I (100934504) esp_clock: RTC sync: RTC is within 1 second variance of NTP
[2026-03-07 19:52:22] I (100934510) esp_clock: RTC sync: RTC drift 0.571 sec <= 2 sec, no write needed (reason=periodic-hourly)
[2026-03-07 19:52:22] I (100934520) esp_clock: SYNC_METRIC reason=periodic-hourly phase=post source=fd7f:4975:d3c5:4f0a:bc3e:5442:1e1a:1911 ntp_epoch=1772941942 ntp_usec=571433 sys_epoch=1772941942 sys_usec=612184 rtc_epoch=1772941942 drift_rtc_sec=0.6122 drift_sys_ms=40.751 write_phase_ms=nan
[2026-03-07 19:52:22] I (100934543) esp_clock: RTC sync: post-sync RTC is within 1 second variance of NTP
[2026-03-07 19:52:22] I (100934551) esp_clock: RTC sync: SUCCESS compare+sync complete (reason=periodic-hourly)
[2026-03-07 19:52:22] I (100934560) esp_clock: CLOCK_STATUS context=sync-post-ok rtc_utc="2026-03-08 03:52:22 UTC" rtc_date_utc=2026-03-08 display_12h=07:52:22(PM) display_24h=19:52:22 sys_utc="2026-03-08 03:52:22 UTC" sys_utc_hms=03:52:22 utc_to_local_apply="-08:00" utc_to_local_offset_min=-480 temp_f=nan rh_pct=nan
[2026-03-07 19:52:22] I (100934585) esp_clock: Last NTP/Matter compare 0.00 days ago | Current RTC Local = 2026-03-07 19:52:22 PST | RTC->NTP drift = 0.612 sec (RTC behind NTP) | RTC->Matter drift = 0.000 sec (RTC behind Matter)
[2026-03-07 19:55:22] I (101113936) esp_clock: CLOCK_STATUS context=periodic rtc_utc="2026-03-08 03:55:21 UTC" rtc_date_utc=2026-03-08 display_12h=07:55:21(PM) display_24h=19:55:21 sys_utc="2026-03-08 03:55:22 UTC" sys_utc_hms=03:55:22 utc_to_local_apply="-08:00" utc_to_local_offset_min=-480 temp_f=nan rh_pct=nan
[2026-03-07 19:55:22] I (101113951) esp_clock: Last NTP/Matter compare 0.00 days ago | Current RTC Local = 2026-03-07 19:55:21 PST | RTC->NTP drift = 0.612 sec (RTC behind NTP) | RTC->Matter drift = 1.000 sec (RTC behind Matter)
[2026-03-07 20:00:22] I (101413974) esp_clock: CLOCK_STATUS context=periodic rtc_utc="2026-03-08 04:00:21 UTC" rtc_date_utc=2026-03-08 display_12h=08:00:21(PM) display_24h=20:00:21 sys_utc="2026-03-08 04:00:22 UTC" sys_utc_hms=04:00:22 utc_to_local_apply="-08:00" utc_to_local_offset_min=-480 temp_f=nan rh_pct=nan
[2026-03-07 20:00:22] I (101413988) esp_clock: Last NTP/Matter compare 0.01 days ago | Current RTC Local = 2026-03-07 20:00:21 PST | RTC->NTP drift = 0.612 sec (RTC behind NTP) | RTC->Matter drift = 1.000 sec (RTC behind Matter)
[2026-03-07 20:05:22] I (101714014) esp_clock: CLOCK_STATUS context=periodic rtc_utc="2026-03-08 04:05:21 UTC" rtc_date_utc=2026-03-08 display_12h=08:05:21(PM) display_24h=20:05:21 sys_utc="2026-03-08 04:05:22 UTC" sys_utc_hms=04:05:22 utc_to_local_apply="-08:00" utc_to_local_offset_min=-480 temp_f=nan rh_pct=nan
[2026-03-07 20:05:22] I (101714028) esp_clock: Last NTP/Matter compare 0.01 days ago | Current RTC Local = 2026-03-07 20:05:21 PST | RTC->NTP drift = 0.612 sec (RTC behind NTP) | RTC->Matter drift = 1.000 sec (RTC behind Matter)
[2026-03-07 20:10:22] I (102014052) esp_clock: CLOCK_STATUS context=periodic rtc_utc="2026-03-08 04:10:22 UTC" rtc_date_utc=2026-03-08 display_12h=08:10:22(PM) display_24h=20:10:22 sys_utc="2026-03-08 04:10:22 UTC" sys_utc_hms=04:10:22 utc_to_local_apply="-08:00" utc_to_local_offset_min=-480 temp_f=nan rh_pct=nan
[2026-03-07 20:10:22] I (102014067) esp_clock: Last NTP/Matter compare 0.01 days ago | Current RTC Local = 2026-03-07 20:10:22 PST | RTC->NTP drift = 0.612 sec (RTC behind NTP) | RTC->Matter drift = 0.000 sec (RTC behind Matter)
[2026-03-07 20:15:22] I (102314096) esp_clock: CLOCK_STATUS context=periodic rtc_utc="2026-03-08 04:15:22 UTC" rtc_date_utc=2026-03-08 display_12h=08:15:22(PM) display_24h=20:15:22 sys_utc="2026-03-08 04:15:22 UTC" sys_utc_hms=04:15:22 utc_to_local_apply="-08:00" utc_to_local_offset_min=-480 temp_f=nan rh_pct=nan
[2026-03-07 20:15:22] I (102314111) esp_clock: Last NTP/Matter compare 0.02 days ago | Current RTC Local = 2026-03-07 20:15:22 PST | RTC->NTP drift = 0.612 sec (RTC behind NTP) | RTC->Matter drift = 0.000 sec (RTC behind Matter)
[2026-03-07 20:20:22] I (102614136) esp_clock: CLOCK_STATUS context=periodic rtc_utc="2026-03-08 04:20:22 UTC" rtc_date_utc=2026-03-08 display_12h=08:20:22(PM) display_24h=20:20:22 sys_utc="2026-03-08 04:20:22 UTC" sys_utc_hms=04:20:22 utc_to_local_apply="-08:00" utc_to_local_offset_min=-480 temp_f=nan rh_pct=nan
[2026-03-07 20:20:22] I (102614150) esp_clock: Last NTP/Matter compare 0.02 days ago | Current RTC Local = 2026-03-07 20:20:22 PST | RTC->NTP drift = 0.612 sec (RTC behind NTP) | RTC->Matter drift = 0.000 sec (RTC behind Matter)
[2026-03-07 20:25:22] I (102914186) esp_clock: CLOCK_STATUS context=periodic rtc_utc="2026-03-08 04:25:22 UTC" rtc_date_utc=2026-03-08 display_12h=08:25:22(PM) display_24h=20:25:22 sys_utc="2026-03-08 04:25:22 UTC" sys_utc_hms=04:25:22 utc_to_local_apply="-08:00" utc_to_local_offset_min=-480 temp_f=nan rh_pct=nan
[2026-03-07 20:25:22] I (102914200) esp_clock: Last NTP/Matter compare 0.02 days ago | Current RTC Local = 2026-03-07 20:25:22 PST | RTC->NTP drift = 0.612 sec (RTC behind NTP) | RTC->Matter drift = 0.000 sec (RTC behind Matter)
